Date,Hong Kong Residents,Mainland Visitors,Other Visitors,Total,Year,Month,DayOfWeek,DayName,Quarter,Is_Weekend,Is_HK_Holiday,Is_ML_Holiday,Is_CNY,Is_GoldenWeek,Is_Easter,Is_Both_Holiday,Is_Any_Holiday,Is_Holiday,Traffic_Level,Traffic_Binary
2023-01-08,82047,13374,13086,108507,2023,1,6,Sunday,1,1,0,0,0,0,0,0,0,0,Low,0
2023-01-09,63805,10494,10833,85132,2023,1,0,Monday,1,0,0,0,0,0,0,0,0,0,Low,0
2023-01-10,67398,11132,11543,90073,2023,1,1,Tuesday,1,0,0,0,0,0,0,0,0,0,Low,0
2023-01-11,67252,12567,12526,92345,2023,1,2,Wednesday,1,0,0,0,0,0,0,0,0,0,Low,0
2023-01-12,72996,14736,13225,100957,2023,1,3,Thursday,1,0,0,0,0,0,0,0,0,0,Low,0
2023-01-13,83542,16121,14395,114058,2023,1,4,Friday,1,0,0,0,0,0,0,0,0,0,Low,0
2023-01-14,91861,17480,17282,126623,2023,1,5,Saturday,1,1,0,0,0,0,0,0,0,0,Low,0
2023-01-15,101274,19335,17976,138585,2023,1,6,Sunday,1,1,0,0,0,0,0,0,0,0,Low,0
2023-01-16,88040,17736,13778,119554,2023,1,0,Monday,1,0,0,0,0,0,0,0,0,0,Low,0
2023-01-17,96328,19140,13108,128576,2023,1,1,Tuesday,1,0,0,0,0,0,0,0,0,0,Low,0
2023-01-18,122280,22757,14209,159246,2023,1,2,Wednesday,1,0,0,0,0,0,0,0,0,0,Low,0
2023-01-19,137126,24414,15428,176968,2023,1,3,Thursday,1,0,0,0,0,0,0,0,0,0,Low,0
2023-01-20,148217,24643,16245,189105,2023,1,4,Friday,1,0,0,0,0,0,0,0,0,0,Low,0
2023-01-21,137713,15384,16152,169249,2023,1,5,Saturday,1,1,0,1,0,0,0,0,1,1,Low,0
2023-01-22,126470,15947,14459,156876,2023,1,6,Sunday,1,1,1,1,1,0,0,1,1,1,Low,0
2023-01-23,145715,23540,18327,187582,2023,1,0,Monday,1,0,1,1,1,0,0,1,1,1,Low,0
2023-01-24,160266,28460,21923,210649,2023,1,1,Tuesday,1,0,1,1,1,0,0,1,1,1,Low,0
2023-01-25,185287,30040,20792,236119,2023,1,2,Wednesday,1,0,1,1,1,0,0,1,1,1,Low,0
2023-01-26,161410,34967,20186,216563,2023,1,3,Thursday,1,0,0,1,0,0,0,0,1,1,Low,0
2023-01-27,158838,33796,21498,214132,2023,1,4,Friday,1,0,0,1,0,0,0,0,1,1,Low,0
2023-01-28,182039,27103,22336,231478,2023,1,5,Saturday,1,1,0,0,0,0,0,0,0,0,Low,0
2023-01-29,222068,26125,19492,267685,2023,1,6,Sunday,1,1,0,0,0,0,0,0,0,0,Low,0
2023-01-30,164671,26920,15443,207034,2023,1,0,Monday,1,0,0,0,0,0,0,0,0,0,Low,0
2023-01-31,143688,27461,13547,184696,2023,1,1,Tuesday,1,0,0,0,0,0,0,0,0,0,Low,0
2023-02-01,119697,28620,13857,162174,2023,2,2,Wednesday,1,0,0,0,0,0,0,0,0,0,Low,0
2023-02-02,106173,30314,14851,151338,2023,2,3,Thursday,1,0,0,0,0,0,0,0,0,0,Low,0
2023-02-03,120042,32665,17483,170190,2023,2,4,Friday,1,0,0,0,0,0,0,0,0,0,Low,0
2023-02-04,125762,33213,22201,181176,2023,2,5,Saturday,1,1,0,0,0,0,0,0,0,0,Low,0
2023-02-05,124801,26042,22114,172957,2023,2,6,Sunday,1,1,0,0,0,0,0,0,0,0,Low,0
2023-02-06,220173,45467,18551,284191,2023,2,0,Monday,1,0,0,0,0,0,0,0,0,0,Low,0
2023-02-07,210096,45034,18122,273252,2023,2,1,Tuesday,1,0,0,0,0,0,0,0,0,0,Low,0
2023-02-08,216225,51656,18477,286358,2023,2,2,Wednesday,1,0,0,0,0,0,0,0,0,0,Low,0
2023-02-09,222531,56237,19928,298696,2023,2,3,Thursday,1,0,0,0,0,0,0,0,0,0,Low,0
2023-02-10,275917,71100,22745,369762,2023,2,4,Friday,1,0,0,0,0,0,0,0,0,0,Low,0
2023-02-11,324571,92650,29894,447115,2023,2,5,Saturday,1,1,0,0,0,0,0,0,0,0,Low,0
2023-02-12,358936,89224,31147,479307,2023,2,6,Sunday,1,1,0,0,0,0,0,0,0,0,Low,0
2023-02-13,264513,72906,21975,359394,2023,2,0,Monday,1,0,0,0,0,0,0,0,0,0,Low,0
2023-02-14,240393,70603,20545,331541,2023,2,1,Tuesday,1,0,0,0,0,0,0,0,0,0,Low,0
2023-02-15,251265,76847,22350,350462,2023,2,2,Wednesday,1,0,0,0,0,0,0,0,0,0,Low,0
2023-02-16,253529,82992,22219,358740,2023,2,3,Thursday,1,0,0,0,0,0,0,0,0,0,Low,0
2023-02-17,304926,96622,25908,427456,2023,2,4,Friday,1,0,0,0,0,0,0,0,0,0,Low,0
2023-02-18,352335,133051,33026,518412,2023,2,5,Saturday,1,1,0,0,0,0,0,0,0,0,Low,0
2023-02-19,381882,115758,33139,530779,2023,2,6,Sunday,1,1,0,0,0,0,0,0,0,0,Low,0
2023-02-20,283362,85108,23590,392060,2023,2,0,Monday,1,0,0,0,0,0,0,0,0,0,Low,0
2023-02-21,260086,84831,22038,366955,2023,2,1,Tuesday,1,0,0,0,0,0,0,0,0,0,Low,0
2023-02-22,262632,91239,24049,377920,2023,2,2,Wednesday,1,0,0,0,0,0,0,0,0,0,Low,0
2023-02-23,271594,90100,25786,387480,2023,2,3,Thursday,1,0,0,0,0,0,0,0,0,0,Low,0
2023-02-24,331332,107153,28940,467425,2023,2,4,Friday,1,0,0,0,0,0,0,0,0,0,Low,0
2023-02-25,380017,153429,38555,572001,2023,2,5,Saturday,1,1,0,0,0,0,0,0,0,0,Low,0
2023-02-26,400660,129323,37456,567439,2023,2,6,Sunday,1,1,0,0,0,0,0,0,0,0,Low,0
2023-02-27,304151,93976,29148,427275,2023,2,0,Monday,1,0,0,0,0,0,0,0,0,0,Low,0
2023-02-28,280659,95745,29589,405993,2023,2,1,Tuesday,1,0,0,0,0,0,0,0,0,0,Low,0
2023-03-01,279647,101858,28235,409740,2023,3,2,Wednesday,1,0,0,0,0,0,0,0,0,0,Low,0
2023-03-02,287167,104499,26157,417823,2023,3,3,Thursday,1,0,0,0,0,0,0,0,0,0,Low,0
2023-03-03,344904,117705,29443,492052,2023,3,4,Friday,1,0,0,0,0,0,0,0,0,0,Low,0
2023-03-04,387833,168620,34761,591214,2023,3,5,Saturday,1,1,0,0,0,0,0,0,0,0,Low,0
2023-03-05,416162,140420,37825,594407,2023,3,6,Sunday,1,1,0,0,0,0,0,0,0,0,Low,0
2023-03-06,303995,97519,30216,431730,2023,3,0,Monday,1,0,0,0,0,0,0,0,0,0,Low,0
2023-03-07,287092,93307,28145,408544,2023,3,1,Tuesday,1,0,0,0,0,0,0,0,0,0,Low,0
2023-03-08,286476,100994,30804,418274,2023,3,2,Wednesday,1,0,0,0,0,0,0,0,0,0,Low,0
2023-03-09,296785,104353,29698,430836,2023,3,3,Thursday,1,0,0,0,0,0,0,0,0,0,Low,0
2023-03-10,353925,119296,29951,503172,2023,3,4,Friday,1,0,0,0,0,0,0,0,0,0,Low,0
2023-03-11,403918,177284,36103,617305,2023,3,5,Saturday,1,1,0,0,0,0,0,0,0,0,Low,0
2023-03-12,451663,145586,36549,633798,2023,3,6,Sunday,1,1,0,0,0,0,0,0,0,0,Low,0
2023-03-13,318055,105603,27672,451330,2023,3,0,Monday,1,0,0,0,0,0,0,0,0,0,Low,0
2023-03-14,292778,102525,25126,420429,2023,3,1,Tuesday,1,0,0,0,0,0,0,0,0,0,Low,0
2023-03-15,289944,105450,26718,422112,2023,3,2,Wednesday,1,0,0,0,0,0,0,0,0,0,Low,0
2023-03-16,303177,114946,27859,445982,2023,3,3,Thursday,1,0,0,0,0,0,0,0,0,0,Low,0
2023-03-17,361026,134068,31766,526860,2023,3,4,Friday,1,0,0,0,0,0,0,0,0,0,Low,0
2023-03-18,411681,193404,36608,641693,2023,3,5,Saturday,1,1,0,0,0,0,0,0,0,0,Low,0
2023-03-19,437355,167752,37998,643105,2023,3,6,Sunday,1,1,0,0,0,0,0,0,0,0,Low,0
2023-03-20,317765,116752,30528,465045,2023,3,0,Monday,1,0,0,0,0,0,0,0,0,0,Low,0
2023-03-21,292907,117862,29480,440249,2023,3,1,Tuesday,1,0,0,0,0,0,0,0,0,0,Low,0
2023-03-22,287339,118103,28656,434098,2023,3,2,Wednesday,1,0,0,0,0,0,0,0,0,0,Low,0
2023-03-23,296359,123431,29914,449704,2023,3,3,Thursday,1,0,0,0,0,0,0,0,0,0,Low,0
2023-03-24,355409,147906,32371,535686,2023,3,4,Friday,1,0,0,0,0,0,0,0,0,0,Low,0
2023-03-25,391988,188630,35183,615801,2023,3,5,Saturday,1,1,0,0,0,0,0,0,0,0,Low,0
2023-03-26,402079,147078,37872,587029,2023,3,6,Sunday,1,1,0,0,0,0,0,0,0,0,Low,0
2023-03-27,308418,108151,30372,446941,2023,3,0,Monday,1,0,0,0,0,0,0,0,0,0,Low,0
2023-03-28,295810,113898,28959,438667,2023,3,1,Tuesday,1,0,0,0,0,0,0,0,0,0,Low,0
2023-03-29,300493,113401,34739,448633,2023,3,2,Wednesday,1,0,0,0,0,0,0,0,0,0,Low,0
2023-03-30,318451,112710,30933,462094,2023,3,3,Thursday,1,0,0,0,0,0,0,0,0,0,Low,0
2023-03-31,399127,121603,30665,551395,2023,3,4,Friday,1,0,0,0,0,0,0,0,0,0,Low,0
2023-04-01,480822,177318,35326,693466,2023,4,5,Saturday,2,1,0,0,0,0,0,0,0,0,Medium,0
2023-04-02,464913,138211,35697,638821,2023,4,6,Sunday,2,1,0,0,0,0,0,0,0,0,Low,0
2023-04-03,372742,92373,31366,496481,2023,4,0,Monday,2,0,0,0,0,0,0,0,0,0,Low,0
2023-04-04,477619,88054,29107,594780,2023,4,1,Tuesday,2,0,0,0,0,0,0,0,0,0,Low,0
2023-04-05,511045,118235,38714,667994,2023,4,2,Wednesday,2,0,1,1,0,0,0,1,1,1,Medium,0
2023-04-06,461759,80995,37536,580290,2023,4,3,Thursday,2,0,0,0,0,0,0,0,0,0,Low,0
2023-04-07,621229,87307,42055,750591,2023,4,4,Friday,2,0,1,0,0,0,1,0,1,1,Medium,0
2023-04-08,519258,150948,38963,709169,2023,4,5,Saturday,2,1,1,0,0,0,1,0,1,1,Medium,0
2023-04-09,609395,136092,39532,785019,2023,4,6,Sunday,2,1,0,0,0,0,1,0,0,0,High,1
2023-04-10,649658,101033,29159,779850,2023,4,0,Monday,2,0,1,0,0,0,1,0,1,1,Medium,0
2023-04-11,423888,129751,29010,582649,2023,4,1,Tuesday,2,0,0,0,0,0,0,0,0,0,Low,0
2023-04-12,366909,136547,37907,541363,2023,4,2,Wednesday,2,0,0,0,0,0,0,0,0,0,Low,0
2023-04-13,350196,139235,34343,523774,2023,4,3,Thursday,2,0,0,0,0,0,0,0,0,0,Low,0
2023-04-14,387358,157868,37564,582790,2023,4,4,Friday,2,0,0,0,0,0,0,0,0,0,Low,0
2023-04-15,438002,237530,39645,715177,2023,4,5,Saturday,2,1,0,0,0,0,0,0,0,0,Medium,0
2023-04-16,472757,193283,41748,707788,2023,4,6,Sunday,2,1,0,0,0,0,0,0,0,0,Medium,0
2023-04-17,341849,136495,35002,513346,2023,4,0,Monday,2,0,0,0,0,0,0,0,0,0,Low,0
2023-04-18,314184,144578,36350,495112,2023,4,1,Tuesday,2,0,0,0,0,0,0,0,0,0,Low,0
2023-04-19,288710,128634,37824,455168,2023,4,2,Wednesday,2,0,0,0,0,0,0,0,0,0,Low,0
2023-04-20,294463,129479,40599,464541,2023,4,3,Thursday,2,0,0,0,0,0,0,0,0,0,Low,0
2023-04-21,349408,154899,44420,548727,2023,4,4,Friday,2,0,0,0,0,0,0,0,0,0,Low,0
2023-04-22,413554,198503,46693,658750,2023,4,5,Saturday,2,1,0,0,0,0,0,0,0,0,Medium,0
2023-04-23,445953,157663,47663,651279,2023,4,6,Sunday,2,1,0,0,0,0,0,0,0,0,Medium,0
2023-04-24,329511,129726,37861,497098,2023,4,0,Monday,2,0,0,0,0,0,0,0,0,0,Low,0
2023-04-25,309090,126588,38433,474111,2023,4,1,Tuesday,2,0,0,0,0,0,0,0,0,0,Low,0
2023-04-26,316252,135075,40037,491364,2023,4,2,Wednesday,2,0,0,0,0,0,0,0,0,0,Low,0
2023-04-27,329887,141710,42191,513788,2023,4,3,Thursday,2,0,0,0,0,0,0,0,0,0,Low,0
2023-04-28,396177,174334,43843,614354,2023,4,4,Friday,2,0,0,0,0,0,0,0,0,0,Low,0
2023-04-29,450842,276216,48027,775085,2023,4,5,Saturday,2,1,0,1,0,0,0,0,1,1,Medium,0
2023-04-30,465810,288799,47924,802533,2023,4,6,Sunday,2,1,0,1,0,0,0,0,1,1,High,1
2023-05-01,441273,263526,41254,746053,2023,5,0,Monday,2,0,1,1,0,0,0,1,1,1,Medium,0
2023-05-02,270646,264240,33993,568879,2023,5,1,Tuesday,2,0,0,1,0,0,0,0,1,1,Low,0
2023-05-03,255429,189497,35508,480434,2023,5,2,Wednesday,2,0,0,1,0,0,0,0,1,1,Low,0
2023-05-04,282376,114631,32992,429999,2023,5,3,Thursday,2,0,0,0,0,0,0,0,0,0,Low,0
2023-05-05,329593,125774,36776,492143,2023,5,4,Friday,2,0,0,0,0,0,0,0,0,0,Low,0
2023-05-06,401901,138176,38520,578597,2023,5,5,Saturday,2,1,0,0,0,0,0,0,0,0,Low,0
2023-05-07,390088,149384,41835,581307,2023,5,6,Sunday,2,1,0,0,0,0,0,0,0,0,Low,0
2023-05-08,315977,112730,32605,461312,2023,5,0,Monday,2,0,0,0,0,0,0,0,0,0,Low,0
2023-05-09,319881,115257,31447,466585,2023,5,1,Tuesday,2,0,0,0,0,0,0,0,0,0,Low,0
2023-05-10,325134,139480,33012,497626,2023,5,2,Wednesday,2,0,0,0,0,0,0,0,0,0,Low,0
2023-05-11,325823,153153,32248,511224,2023,5,3,Thursday,2,0,0,0,0,0,0,0,0,0,Low,0
2023-05-12,376444,147113,35793,559350,2023,5,4,Friday,2,0,0,0,0,0,0,0,0,0,Low,0
2023-05-13,451802,240603,37700,730105,2023,5,5,Saturday,2,1,0,0,0,0,0,0,0,0,Medium,0
2023-05-14,463762,182219,38295,684276,2023,5,6,Sunday,2,1,0,0,0,0,0,0,0,0,Medium,0
2023-05-15,339986,131149,33021,504156,2023,5,0,Monday,2,0,0,0,0,0,0,0,0,0,Low,0
2023-05-16,327670,128659,32235,488564,2023,5,1,Tuesday,2,0,0,0,0,0,0,0,0,0,Low,0
2023-05-17,314816,125229,32918,472963,2023,5,2,Wednesday,2,0,0,0,0,0,0,0,0,0,Low,0
2023-05-18,325742,129089,32558,487389,2023,5,3,Thursday,2,0,0,0,0,0,0,0,0,0,Low,0
2023-05-19,377847,143841,37015,558703,2023,5,4,Friday,2,0,0,0,0,0,0,0,0,0,Low,0
2023-05-20,449096,223051,40361,712508,2023,5,5,Saturday,2,1,0,0,0,0,0,0,0,0,Medium,0
2023-05-21,461878,183135,40320,685333,2023,5,6,Sunday,2,1,0,0,0,0,0,0,0,0,Medium,0
2023-05-22,341056,117471,32768,491295,2023,5,0,Monday,2,0,0,0,0,0,0,0,0,0,Low,0
2023-05-23,310921,111432,31146,453499,2023,5,1,Tuesday,2,0,0,0,0,0,0,0,0,0,Low,0
2023-05-24,324540,117151,31921,473612,2023,5,2,Wednesday,2,0,0,0,0,0,0,0,0,0,Low,0
2023-05-25,454314,126840,32253,613407,2023,5,3,Thursday,2,0,0,0,0,0,0,0,0,0,Low,0
2023-05-26,691579,121752,43359,856690,2023,5,4,Friday,2,0,1,0,0,0,0,0,1,1,High,1
2023-05-27,450693,194320,42731,687744,2023,5,5,Saturday,2,1,0,0,0,0,0,0,0,0,Medium,0
2023-05-28,534741,165829,40177,740747,2023,5,6,Sunday,2,1,0,0,0,0,0,0,0,0,Medium,0
2023-05-29,354633,116841,32537,504011,2023,5,0,Monday,2,0,0,0,0,0,0,0,0,0,Low,0
2023-05-30,319661,110541,30875,461077,2023,5,1,Tuesday,2,0,0,0,0,0,0,0,0,0,Low,0
2023-05-31,307056,105879,31841,444776,2023,5,2,Wednesday,2,0,0,0,0,0,0,0,0,0,Low,0
2023-06-01,296011,114604,32124,442739,2023,6,3,Thursday,2,0,0,0,0,0,0,0,0,0,Low,0
2023-06-02,355609,120360,37634,513603,2023,6,4,Friday,2,0,0,0,0,0,0,0,0,0,Low,0
2023-06-03,409893,173399,40525,623817,2023,6,5,Saturday,2,1,0,0,0,0,0,0,0,0,Low,0
2023-06-04,428393,147237,42110,617740,2023,6,6,Sunday,2,1,0,0,0,0,0,0,0,0,Low,0
2023-06-05,331486,107228,38050,476764,2023,6,0,Monday,2,0,0,0,0,0,0,0,0,0,Low,0
2023-06-06,311626,116944,35414,463984,2023,6,1,Tuesday,2,0,0,0,0,0,0,0,0,0,Low,0
2023-06-07,317990,120725,34745,473460,2023,6,2,Wednesday,2,0,0,0,0,0,0,0,0,0,Low,0
2023-06-08,328151,119743,35233,483127,2023,6,3,Thursday,2,0,0,0,0,0,0,0,0,0,Low,0
2023-06-09,388679,134266,38955,561900,2023,6,4,Friday,2,0,0,0,0,0,0,0,0,0,Low,0
2023-06-10,459750,201340,42235,703325,2023,6,5,Saturday,2,1,0,0,0,0,0,0,0,0,Medium,0
2023-06-11,506889,172161,44581,723631,2023,6,6,Sunday,2,1,0,0,0,0,0,0,0,0,Medium,0
2023-06-12,351985,119942,39445,511372,2023,6,0,Monday,2,0,0,0,0,0,0,0,0,0,Low,0
2023-06-13,324245,117582,35721,477548,2023,6,1,Tuesday,2,0,0,0,0,0,0,0,0,0,Low,0
2023-06-14,321990,117377,36155,475522,2023,6,2,Wednesday,2,0,0,0,0,0,0,0,0,0,Low,0
2023-06-15,326893,117943,35587,480423,2023,6,3,Thursday,2,0,0,0,0,0,0,0,0,0,Low,0
2023-06-16,388386,130702,39552,558640,2023,6,4,Friday,2,0,0,0,0,0,0,0,0,0,Low,0
2023-06-17,450287,183882,39885,674054,2023,6,5,Saturday,2,1,0,0,0,0,0,0,0,0,Medium,0
2023-06-18,490102,161124,42182,693408,2023,6,6,Sunday,2,1,0,0,0,0,0,0,0,0,Medium,0
2023-06-19,362872,121648,37399,521919,2023,6,0,Monday,2,0,0,0,0,0,0,0,0,0,Low,0
2023-06-20,351234,124620,36565,512419,2023,6,1,Tuesday,2,0,0,0,0,0,0,0,0,0,Low,0
2023-06-21,444065,143368,38568,626001,2023,6,2,Wednesday,2,0,0,0,0,0,0,0,0,0,Low,0
2023-06-22,488053,200268,41134,729455,2023,6,3,Thursday,2,0,1,1,0,0,0,1,1,1,Medium,0
2023-06-23,393753,238332,42562,674647,2023,6,4,Friday,2,0,0,1,0,0,0,0,1,1,Medium,0
2023-06-24,481946,173752,43509,699207,2023,6,5,Saturday,2,1,0,1,0,0,0,0,1,1,Medium,0
2023-06-25,580570,133762,45972,760304,2023,6,6,Sunday,2,1,0,0,0,0,0,0,0,0,Medium,0
2023-06-26,387640,127455,41019,556114,2023,6,0,Monday,2,0,0,0,0,0,0,0,0,0,Low,0
2023-06-27,361062,129444,36896,527402,2023,6,1,Tuesday,2,0,0,0,0,0,0,0,0,0,Low,0
2023-06-28,362210,132482,40315,535007,2023,6,2,Wednesday,2,0,0,0,0,0,0,0,0,0,Low,0
2023-06-29,366999,135829,39546,542374,2023,6,3,Thursday,2,0,0,0,0,0,0,0,0,0,Low,0
2023-06-30,498749,150635,38921,688305,2023,6,4,Friday,2,0,0,0,0,0,0,0,0,0,Medium,0
2023-07-01,610031,211864,41406,863301,2023,7,5,Saturday,3,1,1,0,0,0,0,0,1,1,High,1
2023-07-02,586363,171486,43458,801307,2023,7,6,Sunday,3,1,0,0,0,0,0,0,0,0,High,1
2023-07-03,371531,136279,37428,545238,2023,7,0,Monday,3,0,0,0,0,0,0,0,0,0,Low,0
2023-07-04,345853,139657,37367,522877,2023,7,1,Tuesday,3,0,0,0,0,0,0,0,0,0,Low,0
2023-07-05,361895,154696,38680,555271,2023,7,2,Wednesday,3,0,0,0,0,0,0,0,0,0,Low,0
2023-07-06,358518,155079,39704,553301,2023,7,3,Thursday,3,0,0,0,0,0,0,0,0,0,Low,0
2023-07-07,422140,165871,40819,628830,2023,7,4,Friday,3,0,0,0,0,0,0,0,0,0,Low,0
2023-07-08,512054,236587,44595,793236,2023,7,5,Saturday,3,1,0,0,0,0,0,0,0,0,High,1
2023-07-09,555818,214366,46745,816929,2023,7,6,Sunday,3,1,0,0,0,0,0,0,0,0,High,1
2023-07-10,386159,162039,40874,589072,2023,7,0,Monday,3,0,0,0,0,0,0,0,0,0,Low,0
2023-07-11,362217,167086,37870,567173,2023,7,1,Tuesday,3,0,0,0,0,0,0,0,0,0,Low,0
2023-07-12,367863,179157,38463,585483,2023,7,2,Wednesday,3,0,0,0,0,0,0,0,0,0,Low,0
2023-07-13,378622,180051,37285,595958,2023,7,3,Thursday,3,0,0,0,0,0,0,0,0,0,Low,0
2023-07-14,432811,186820,40173,659804,2023,7,4,Friday,3,0,0,0,0,0,0,0,0,0,Medium,0
2023-07-15,534094,255296,43033,832423,2023,7,5,Saturday,3,1,0,0,0,0,0,0,0,0,High,1
2023-07-16,504567,214833,41797,761197,2023,7,6,Sunday,3,1,0,0,0,0,0,0,0,0,Medium,0
2023-07-17,220405,101935,30551,352891,2023,7,0,Monday,3,0,0,0,0,0,0,0,0,0,Low,0
2023-07-18,371695,152641,35904,560240,2023,7,1,Tuesday,3,0,0,0,0,0,0,0,0,0,Low,0
2023-07-19,386701,174806,37785,599292,2023,7,2,Wednesday,3,0,0,0,0,0,0,0,0,0,Low,0
2023-07-20,400504,192941,36393,629838,2023,7,3,Thursday,3,0,0,0,0,0,0,0,0,0,Low,0
2023-07-21,447325,209173,39696,696194,2023,7,4,Friday,3,0,0,0,0,0,0,0,0,0,Medium,0
2023-07-22,562974,293279,42109,898362,2023,7,5,Saturday,3,1,0,0,0,0,0,0,0,0,High,1
2023-07-23,611598,264392,44130,920120,2023,7,6,Sunday,3,1,0,0,0,0,0,0,0,0,High,1
2023-07-24,423814,188600,38417,650831,2023,7,0,Monday,3,0,0,0,0,0,0,0,0,0,Medium,0
2023-07-25,384046,192314,36844,613204,2023,7,1,Tuesday,3,0,0,0,0,0,0,0,0,0,Low,0
2023-07-26,381701,193382,36033,611116,2023,7,2,Wednesday,3,0,0,0,0,0,0,0,0,0,Low,0
2023-07-27,353069,180601,37092,570762,2023,7,3,Thursday,3,0,0,0,0,0,0,0,0,0,Low,0
2023-07-28,393945,165632,40093,599670,2023,7,4,Friday,3,0,0,0,0,0,0,0,0,0,Low,0
2023-07-29,511933,228390,43200,783523,2023,7,5,Saturday,3,1,0,0,0,0,0,0,0,0,High,1
2023-07-30,586732,254046,46109,886887,2023,7,6,Sunday,3,1,0,0,0,0,0,0,0,0,High,1
2023-07-31,420526,183289,40409,644224,2023,7,0,Monday,3,0,0,0,0,0,0,0,0,0,Low,0
2023-08-01,384619,192416,38270,615305,2023,8,1,Tuesday,3,0,0,0,0,0,0,0,0,0,Low,0
2023-08-02,393561,204613,38960,637134,2023,8,2,Wednesday,3,0,0,0,0,0,0,0,0,0,Low,0
2023-08-03,397007,210354,38376,645737,2023,8,3,Thursday,3,0,0,0,0,0,0,0,0,0,Low,0
2023-08-04,451168,224126,46946,722240,2023,8,4,Friday,3,0,0,0,0,0,0,0,0,0,Medium,0
2023-08-05,563216,315765,47818,926799,2023,8,5,Saturday,3,1,0,0,0,0,0,0,0,0,High,1
2023-08-06,615109,290376,44430,949915,2023,8,6,Sunday,3,1,0,0,0,0,0,0,0,0,VeryHigh,1
2023-08-07,432620,203114,38116,673850,2023,8,0,Monday,3,0,0,0,0,0,0,0,0,0,Medium,0
2023-08-08,405071,201314,36524,642909,2023,8,1,Tuesday,3,0,0,0,0,0,0,0,0,0,Low,0
2023-08-09,410194,222285,39902,672381,2023,8,2,Wednesday,3,0,0,0,0,0,0,0,0,0,Medium,0
2023-08-10,401667,226030,39536,667233,2023,8,3,Thursday,3,0,0,0,0,0,0,0,0,0,Medium,0
2023-08-11,457321,229854,43705,730880,2023,8,4,Friday,3,0,0,0,0,0,0,0,0,0,Medium,0
2023-08-12,583171,315886,47030,946087,2023,8,5,Saturday,3,1,0,0,0,0,0,0,0,0,High,1
2023-08-13,629708,291405,47481,968594,2023,8,6,Sunday,3,1,0,0,0,0,0,0,0,0,VeryHigh,1
2023-08-14,443468,210279,44203,697950,2023,8,0,Monday,3,0,0,0,0,0,0,0,0,0,Medium,0
2023-08-15,410295,219064,38847,668206,2023,8,1,Tuesday,3,0,0,0,0,0,0,0,0,0,Medium,0
2023-08-16,416774,225071,43245,685090,2023,8,2,Wednesday,3,0,0,0,0,0,0,0,0,0,Medium,0
2023-08-17,405507,222996,39936,668439,2023,8,3,Thursday,3,0,0,0,0,0,0,0,0,0,Medium,0
2023-08-18,452296,212422,42123,706841,2023,8,4,Friday,3,0,0,0,0,0,0,0,0,0,Medium,0
2023-08-19,613068,296694,53226,962988,2023,8,5,Saturday,3,1,0,0,0,0,0,0,0,0,VeryHigh,1
2023-08-20,645201,277732,45004,967937,2023,8,6,Sunday,3,1,0,0,0,0,0,0,0,0,VeryHigh,1
2023-08-21,453111,211301,41019,705431,2023,8,0,Monday,3,0,0,0,0,0,0,0,0,0,Medium,0
2023-08-22,417385,205855,37338,660578,2023,8,1,Tuesday,3,0,0,0,0,0,0,0,0,0,Medium,0
2023-08-23,422904,209339,38971,671214,2023,8,2,Wednesday,3,0,0,0,0,0,0,0,0,0,Medium,0
2023-08-24,413607,204103,40086,657796,2023,8,3,Thursday,3,0,0,0,0,0,0,0,0,0,Medium,0
2023-08-25,471295,205299,43404,719998,2023,8,4,Friday,3,0,0,0,0,0,0,0,0,0,Medium,0
2023-08-26,590691,267674,45300,903665,2023,8,5,Saturday,3,1,0,0,0,0,0,0,0,0,High,1
2023-08-27,656048,240537,47022,943607,2023,8,6,Sunday,3,1,0,0,0,0,0,0,0,0,High,1
2023-08-28,460651,176815,41920,679386,2023,8,0,Monday,3,0,0,0,0,0,0,0,0,0,Medium,0
2023-08-29,395712,147236,34981,577929,2023,8,1,Tuesday,3,0,0,0,0,0,0,0,0,0,Low,0
2023-08-30,413187,138360,34497,586044,2023,8,2,Wednesday,3,0,0,0,0,0,0,0,0,0,Low,0
2023-08-31,409122,134093,37667,580882,2023,8,3,Thursday,3,0,0,0,0,0,0,0,0,0,Low,0
2023-09-01,68346,27632,10928,106906,2023,9,4,Friday,3,0,0,0,0,0,0,0,0,0,Low,0
2023-09-02,169765,34293,23876,227934,2023,9,5,Saturday,3,1,0,0,0,0,0,0,0,0,Low,0
2023-09-03,521076,133445,43671,698192,2023,9,6,Sunday,3,1,0,0,0,0,0,0,0,0,Medium,0
2023-09-04,366234,111324,38683,516241,2023,9,0,Monday,3,0,0,0,0,0,0,0,0,0,Low,0
2023-09-05,349258,114538,37504,501300,2023,9,1,Tuesday,3,0,0,0,0,0,0,0,0,0,Low,0
2023-09-06,356288,119608,35897,511793,2023,9,2,Wednesday,3,0,0,0,0,0,0,0,0,0,Low,0
2023-09-07,356090,116224,37031,509345,2023,9,3,Thursday,3,0,0,0,0,0,0,0,0,0,Low,0
2023-09-08,206441,71549,36611,314601,2023,9,4,Friday,3,0,0,0,0,0,0,0,0,0,Low,0
2023-09-09,456424,140771,43462,640657,2023,9,5,Saturday,3,1,0,0,0,0,0,0,0,0,Low,0
2023-09-10,503325,144617,43335,691277,2023,9,6,Sunday,3,1,0,0,0,0,0,0,0,0,Medium,0
2023-09-11,364279,118062,36516,518857,2023,9,0,Monday,3,0,0,0,0,0,0,0,0,0,Low,0
2023-09-12,350362,123631,32891,506884,2023,9,1,Tuesday,3,0,0,0,0,0,0,0,0,0,Low,0
2023-09-13,355530,127212,35797,518539,2023,9,2,Wednesday,3,0,0,0,0,0,0,0,0,0,Low,0
2023-09-14,309261,112272,35911,457444,2023,9,3,Thursday,3,0,0,0,0,0,0,0,0,0,Low,0
2023-09-15,431847,130025,42805,604677,2023,9,4,Friday,3,0,0,0,0,0,0,0,0,0,Low,0
2023-09-16,548700,198595,47745,795040,2023,9,5,Saturday,3,1,0,0,0,0,0,0,0,0,High,1
2023-09-17,612590,195771,52538,860899,2023,9,6,Sunday,3,1,0,0,0,0,0,0,0,0,High,1
2023-09-18,404780,135943,43138,583861,2023,9,0,Monday,3,0,0,0,0,0,0,0,0,0,Low,0
2023-09-19,378865,138518,41513,558896,2023,9,1,Tuesday,3,0,0,0,0,0,0,0,0,0,Low,0
2023-09-20,382486,144877,40245,567608,2023,9,2,Wednesday,3,0,0,0,0,0,0,0,0,0,Low,0
2023-09-21,383262,147724,40108,571094,2023,9,3,Thursday,3,0,0,0,0,0,0,0,0,0,Low,0
2023-09-22,445206,157452,44345,647003,2023,9,4,Friday,3,0,0,0,0,0,0,0,0,0,Medium,0
2023-09-23,560983,220022,55089,836094,2023,9,5,Saturday,3,1,0,0,0,0,0,0,0,0,High,1
2023-09-24,590066,202182,53749,845997,2023,9,6,Sunday,3,1,0,0,0,0,0,0,0,0,High,1
2023-09-25,410521,138355,41094,589970,2023,9,0,Monday,3,0,0,0,0,0,0,0,0,0,Low,0
2023-09-26,388599,139407,37436,565442,2023,9,1,Tuesday,3,0,0,0,0,0,0,0,0,0,Low,0
2023-09-27,398876,146027,38864,583767,2023,9,2,Wednesday,3,0,0,0,0,0,0,0,0,0,Low,0
2023-09-28,411704,151386,43146,606236,2023,9,3,Thursday,3,0,0,0,0,0,0,0,0,0,Low,0
2023-09-29,481584,201489,40811,723884,2023,9,4,Friday,3,0,0,1,0,0,0,0,1,1,Medium,0
2023-09-30,622011,271200,46363,939574,2023,9,5,Saturday,3,1,1,1,0,0,0,1,1,1,High,1
2023-10-01,555280,320192,44912,920384,2023,10,6,Sunday,4,1,1,1,0,1,0,1,1,1,High,1
2023-10-02,629976,308712,42395,981083,2023,10,0,Monday,4,0,1,1,0,1,0,1,1,1,VeryHigh,1
2023-10-03,366459,313324,40098,719881,2023,10,1,Tuesday,4,0,0,1,0,1,0,0,1,1,Medium,0
2023-10-04,335373,300131,37446,672950,2023,10,2,Wednesday,4,0,0,1,0,1,0,0,1,1,Medium,0
2023-10-05,334796,272318,33199,640313,2023,10,3,Thursday,4,0,0,1,0,1,0,0,1,1,Low,0
2023-10-06,373223,203717,37660,614600,2023,10,4,Friday,4,0,0,1,0,1,0,0,1,1,Low,0
2023-10-07,448344,130573,41330,620247,2023,10,5,Saturday,4,1,0,0,0,1,0,0,0,0,Low,0
2023-10-08,268195,83114,35694,387003,2023,10,6,Sunday,4,1,0,0,0,0,0,0,0,0,Low,0
2023-10-09,267039,88139,47711,402889,2023,10,0,Monday,4,0,0,0,0,0,0,0,0,0,Low,0
2023-10-10,375438,125863,44656,545957,2023,10,1,Tuesday,4,0,0,0,0,0,0,0,0,0,Low,0
2023-10-11,389687,137064,43976,570727,2023,10,2,Wednesday,4,0,0,0,0,0,0,0,0,0,Low,0
2023-10-12,401601,143969,46764,592334,2023,10,3,Thursday,4,0,0,0,0,0,0,0,0,0,Low,0
2023-10-13,460450,156231,50224,666905,2023,10,4,Friday,4,0,0,0,0,0,0,0,0,0,Medium,0
2023-10-14,579962,232462,58864,871288,2023,10,5,Saturday,4,1,0,0,0,0,0,0,0,0,High,1
2023-10-15,604736,186017,59047,849800,2023,10,6,Sunday,4,1,0,0,0,0,0,0,0,0,High,1
2023-10-16,423813,138326,49812,611951,2023,10,0,Monday,4,0,0,0,0,0,0,0,0,0,Low,0
2023-10-17,393633,138170,44828,576631,2023,10,1,Tuesday,4,0,0,0,0,0,0,0,0,0,Low,0
2023-10-18,381029,136525,46740,564294,2023,10,2,Wednesday,4,0,0,0,0,0,0,0,0,0,Low,0
2023-10-19,389019,134504,50192,573715,2023,10,3,Thursday,4,0,0,0,0,0,0,0,0,0,Low,0
2023-10-20,509800,142498,52186,704484,2023,10,4,Friday,4,0,0,0,0,0,0,0,0,0,Medium,0
2023-10-21,689968,216145,58185,964298,2023,10,5,Saturday,4,1,0,0,0,0,0,0,0,0,VeryHigh,1
2023-10-22,759422,177847,61982,999251,2023,10,6,Sunday,4,1,0,0,0,0,0,0,0,0,VeryHigh,1
2023-10-23,806271,123926,54959,985156,2023,10,0,Monday,4,0,1,0,0,0,0,0,1,1,VeryHigh,1
2023-10-24,444004,136515,46461,626980,2023,10,1,Tuesday,4,0,0,0,0,0,0,0,0,0,Low,0
2023-10-25,405945,143796,50506,600247,2023,10,2,Wednesday,4,0,0,0,0,0,0,0,0,0,Low,0
2023-10-26,410237,155232,53232,618701,2023,10,3,Thursday,4,0,0,0,0,0,0,0,0,0,Low,0
2023-10-27,470452,161244,57794,689490,2023,10,4,Friday,4,0,0,0,0,0,0,0,0,0,Medium,0
2023-10-28,548203,222733,58217,829153,2023,10,5,Saturday,4,1,0,0,0,0,0,0,0,0,High,1
2023-10-29,564183,188010,60015,812208,2023,10,6,Sunday,4,1,0,0,0,0,0,0,0,0,High,1
2023-10-30,423345,146088,55006,624439,2023,10,0,Monday,4,0,0,0,0,0,0,0,0,0,Low,0
2023-10-31,387242,125396,49495,562133,2023,10,1,Tuesday,4,0,0,0,0,0,0,0,0,0,Low,0
2023-11-01,396276,132543,51593,580412,2023,11,2,Wednesday,4,0,0,0,0,0,0,0,0,0,Low,0
2023-11-02,409067,128960,60900,598927,2023,11,3,Thursday,4,0,0,0,0,0,0,0,0,0,Low,0
2023-11-03,490169,141486,58358,690013,2023,11,4,Friday,4,0,0,0,0,0,0,0,0,0,Medium,0
2023-11-04,608236,219829,60368,888433,2023,11,5,Saturday,4,1,0,0,0,0,0,0,0,0,High,1
2023-11-05,631314,192127,61854,885295,2023,11,6,Sunday,4,1,0,0,0,0,0,0,0,0,High,1
2023-11-06,441051,128369,51716,621136,2023,11,0,Monday,4,0,0,0,0,0,0,0,0,0,Low,0
2023-11-07,405854,131800,46749,584403,2023,11,1,Tuesday,4,0,0,0,0,0,0,0,0,0,Low,0
2023-11-08,415617,141051,48252,604920,2023,11,2,Wednesday,4,0,0,0,0,0,0,0,0,0,Low,0
2023-11-09,424236,135145,50573,609954,2023,11,3,Thursday,4,0,0,0,0,0,0,0,0,0,Low,0
2023-11-10,504698,152403,56090,713191,2023,11,4,Friday,4,0,0,0,0,0,0,0,0,0,Medium,0
2023-11-11,598757,232263,62051,893071,2023,11,5,Saturday,4,1,0,0,0,0,0,0,0,0,High,1
2023-11-12,659197,192419,63699,915315,2023,11,6,Sunday,4,1,0,0,0,0,0,0,0,0,High,1
2023-11-13,450777,134268,57185,642230,2023,11,0,Monday,4,0,0,0,0,0,0,0,0,0,Low,0
2023-11-14,416697,137790,54328,608815,2023,11,1,Tuesday,4,0,0,0,0,0,0,0,0,0,Low,0
2023-11-15,421671,149908,51589,623168,2023,11,2,Wednesday,4,0,0,0,0,0,0,0,0,0,Low,0
2023-11-16,435505,148028,59975,643508,2023,11,3,Thursday,4,0,0,0,0,0,0,0,0,0,Low,0
2023-11-17,520831,157194,62512,740537,2023,11,4,Friday,4,0,0,0,0,0,0,0,0,0,Medium,0
2023-11-18,637259,237182,65598,940039,2023,11,5,Saturday,4,1,0,0,0,0,0,0,0,0,High,1
2023-11-19,671083,204564,62885,938532,2023,11,6,Sunday,4,1,0,0,0,0,0,0,0,0,High,1
2023-11-20,461309,144669,57187,663165,2023,11,0,Monday,4,0,0,0,0,0,0,0,0,0,Medium,0
2023-11-21,426222,144103,50544,620869,2023,11,1,Tuesday,4,0,0,0,0,0,0,0,0,0,Low,0
2023-11-22,425355,151159,52209,628723,2023,11,2,Wednesday,4,0,0,0,0,0,0,0,0,0,Low,0
2023-11-23,437151,147652,57857,642660,2023,11,3,Thursday,4,0,0,0,0,0,0,0,0,0,Low,0
2023-11-24,520691,163462,63989,748142,2023,11,4,Friday,4,0,0,0,0,0,0,0,0,0,Medium,0
2023-11-25,643870,250049,65000,958919,2023,11,5,Saturday,4,1,0,0,0,0,0,0,0,0,VeryHigh,1
2023-11-26,672981,205133,68096,946210,2023,11,6,Sunday,4,1,0,0,0,0,0,0,0,0,VeryHigh,1
2023-11-27,463520,136537,57129,657186,2023,11,0,Monday,4,0,0,0,0,0,0,0,0,0,Medium,0
2023-11-28,430114,133083,50357,613554,2023,11,1,Tuesday,4,0,0,0,0,0,0,0,0,0,Low,0
2023-11-29,424219,136097,50646,610962,2023,11,2,Wednesday,4,0,0,0,0,0,0,0,0,0,Low,0
2023-11-30,443551,140063,55025,638639,2023,11,3,Thursday,4,0,0,0,0,0,0,0,0,0,Low,0
2023-12-01,520093,152249,57336,729678,2023,12,4,Friday,4,0,0,0,0,0,0,0,0,0,Medium,0
2023-12-02,621508,237431,60243,919182,2023,12,5,Saturday,4,1,0,0,0,0,0,0,0,0,High,1
2023-12-03,644067,201595,62501,908163,2023,12,6,Sunday,4,1,0,0,0,0,0,0,0,0,High,1
2023-12-04,457115,134878,53556,645549,2023,12,0,Monday,4,0,0,0,0,0,0,0,0,0,Low,0
2023-12-05,417028,133019,52299,602346,2023,12,1,Tuesday,4,0,0,0,0,0,0,0,0,0,Low,0
2023-12-06,416079,145561,50618,612258,2023,12,2,Wednesday,4,0,0,0,0,0,0,0,0,0,Low,0
2023-12-07,430950,147723,55938,634611,2023,12,3,Thursday,4,0,0,0,0,0,0,0,0,0,Low,0
2023-12-08,509107,164981,76638,750726,2023,12,4,Friday,4,0,0,0,0,0,0,0,0,0,Medium,0
2023-12-09,615581,268269,65692,949542,2023,12,5,Saturday,4,1,0,0,0,0,0,0,0,0,VeryHigh,1
2023-12-10,663832,224619,69412,957863,2023,12,6,Sunday,4,1,0,0,0,0,0,0,0,0,VeryHigh,1
2023-12-11,566153,150794,55756,772703,2023,12,0,Monday,4,0,0,0,0,0,0,0,0,0,Medium,0
2023-12-12,428967,145736,50242,624945,2023,12,1,Tuesday,4,0,0,0,0,0,0,0,0,0,Low,0
2023-12-13,422315,151006,49087,622408,2023,12,2,Wednesday,4,0,0,0,0,0,0,0,0,0,Low,0
2023-12-14,442598,154736,51467,648801,2023,12,3,Thursday,4,0,0,0,0,0,0,0,0,0,Medium,0
2023-12-15,523515,173033,55821,752369,2023,12,4,Friday,4,0,0,0,0,0,0,0,0,0,Medium,0
2023-12-16,594077,293004,62662,949743,2023,12,5,Saturday,4,1,0,0,0,0,0,0,0,0,VeryHigh,1
2023-12-17,595509,232582,63374,891465,2023,12,6,Sunday,4,1,0,0,0,0,0,0,0,0,High,1
2023-12-18,465317,160180,56354,681851,2023,12,0,Monday,4,0,0,0,0,0,0,0,0,0,Medium,0
2023-12-19,451882,152589,55646,660117,2023,12,1,Tuesday,4,0,0,0,0,0,0,0,0,0,Medium,0
2023-12-20,474642,161741,71443,707826,2023,12,2,Wednesday,4,0,0,0,0,0,0,0,0,0,Medium,0
2023-12-21,509152,156224,57115,722491,2023,12,3,Thursday,4,0,0,0,0,0,0,0,0,0,Medium,0
2023-12-22,529985,150380,59629,739994,2023,12,4,Friday,4,0,0,0,0,0,0,0,0,0,Medium,0
2023-12-23,701310,300589,68048,1069947,2023,12,5,Saturday,4,1,0,0,0,0,0,0,0,0,VeryHigh,1
2023-12-24,714022,266329,66843,1047194,2023,12,6,Sunday,4,1,0,0,0,0,0,0,0,0,VeryHigh,1
2023-12-25,789518,162923,66196,1018637,2023,12,0,Monday,4,0,1,0,0,0,0,0,1,1,VeryHigh,1
2023-12-26,746775,132120,67241,946136,2023,12,1,Tuesday,4,0,0,0,0,0,0,0,0,0,VeryHigh,1
2023-12-27,574954,142000,67529,784483,2023,12,2,Wednesday,4,0,0,0,0,0,0,0,0,0,High,1
2023-12-28,541027,140858,69792,751677,2023,12,3,Thursday,4,0,0,0,0,0,0,0,0,0,Medium,0
2023-12-29,560485,159838,75204,795527,2023,12,4,Friday,4,0,0,0,0,0,0,0,0,0,High,1
2023-12-30,627028,274397,81763,983188,2023,12,5,Saturday,4,1,0,0,0,0,0,0,0,0,VeryHigh,1
2023-12-31,642794,328440,61802,1033036,2023,12,6,Sunday,4,1,0,0,0,0,0,0,0,0,VeryHigh,1
2024-01-01,560234,271964,67995,900193,2024,1,0,Monday,1,0,1,1,0,0,0,1,1,1,High,1
2024-01-02,461054,128203,63934,653191,2024,1,1,Tuesday,1,0,0,0,0,0,0,0,0,0,Medium,0
2024-01-03,428849,131547,65515,625911,2024,1,2,Wednesday,1,0,0,0,0,0,0,0,0,0,Low,0
2024-01-04,418672,128758,54915,602345,2024,1,3,Thursday,1,0,0,0,0,0,0,0,0,0,Low,0
2024-01-05,481515,140378,55288,677181,2024,1,4,Friday,1,0,0,0,0,0,0,0,0,0,Medium,0
2024-01-06,577855,196775,60753,835383,2024,1,5,Saturday,1,1,0,0,0,0,0,0,0,0,High,1
2024-01-07,592741,188985,61824,843550,2024,1,6,Sunday,1,1,0,0,0,0,0,0,0,0,High,1
2024-01-08,449664,146360,52795,648819,2024,1,0,Monday,1,0,0,0,0,0,0,0,0,0,Medium,0
2024-01-09,420174,143822,47324,611320,2024,1,1,Tuesday,1,0,0,0,0,0,0,0,0,0,Low,0
2024-01-10,420811,146339,49601,616751,2024,1,2,Wednesday,1,0,0,0,0,0,0,0,0,0,Low,0
2024-01-11,427090,150503,51186,628779,2024,1,3,Thursday,1,0,0,0,0,0,0,0,0,0,Low,0
2024-01-12,507549,160618,56402,724569,2024,1,4,Friday,1,0,0,0,0,0,0,0,0,0,Medium,0
2024-01-13,627256,246376,59062,932694,2024,1,5,Saturday,1,1,0,0,0,0,0,0,0,0,High,1
2024-01-14,683393,215782,61383,960558,2024,1,6,Sunday,1,1,0,0,0,0,0,0,0,0,VeryHigh,1
2024-01-15,471427,162020,52474,685921,2024,1,0,Monday,1,0,0,0,0,0,0,0,0,0,Medium,0
2024-01-16,431468,160636,50869,642973,2024,1,1,Tuesday,1,0,0,0,0,0,0,0,0,0,Low,0
2024-01-17,433768,165653,51450,650871,2024,1,2,Wednesday,1,0,0,0,0,0,0,0,0,0,Medium,0
2024-01-18,443195,173803,52373,669371,2024,1,3,Thursday,1,0,0,0,0,0,0,0,0,0,Medium,0
2024-01-19,529448,180683,59524,769655,2024,1,4,Friday,1,0,0,0,0,0,0,0,0,0,Medium,0
2024-01-20,663296,270651,64184,998131,2024,1,5,Saturday,1,1,0,0,0,0,0,0,0,0,VeryHigh,1
2024-01-21,679760,263569,65138,1008467,2024,1,6,Sunday,1,1,0,0,0,0,0,0,0,0,VeryHigh,1
2024-01-22,460792,200776,55349,716917,2024,1,0,Monday,1,0,0,0,0,0,0,0,0,0,Medium,0
2024-01-23,365967,171814,49142,586923,2024,1,1,Tuesday,1,0,0,0,0,0,0,0,0,0,Low,0
2024-01-24,379670,182056,50000,611726,2024,1,2,Wednesday,1,0,0,0,0,0,0,0,0,0,Low,0
2024-01-25,408286,197451,54076,659813,2024,1,3,Thursday,1,0,0,0,0,0,0,0,0,0,Medium,0
2024-01-26,501117,221569,59860,782546,2024,1,4,Friday,1,0,0,0,0,0,0,0,0,0,High,1
2024-01-27,620949,300291,67510,988750,2024,1,5,Saturday,1,1,0,0,0,0,0,0,0,0,VeryHigh,1
2024-01-28,639154,294966,64885,999005,2024,1,6,Sunday,1,1,0,0,0,0,0,0,0,0,VeryHigh,1
2024-01-29,452850,228551,52212,733613,2024,1,0,Monday,1,0,0,0,0,0,0,0,0,0,Medium,0
2024-01-30,421432,213516,47252,682200,2024,1,1,Tuesday,1,0,0,0,0,0,0,0,0,0,Medium,0
2024-01-31,427646,222603,46417,696666,2024,1,2,Wednesday,1,0,0,0,0,0,0,0,0,0,Medium,0
2024-02-01,427186,236029,47913,711128,2024,2,3,Thursday,1,0,0,0,0,0,0,0,0,0,Medium,0
2024-02-02,486073,244079,50269,780421,2024,2,4,Friday,1,0,0,0,0,0,0,0,0,0,High,1
2024-02-03,579200,304790,59559,943549,2024,2,5,Saturday,1,1,0,0,0,0,0,0,0,0,High,1
2024-02-04,560457,258934,56075,875466,2024,2,6,Sunday,1,1,0,0,0,0,0,0,0,0,High,1
2024-02-05,430725,279662,44347,754734,2024,2,0,Monday,1,0,0,0,0,0,0,0,0,0,Medium,0
2024-02-06,454484,276543,40255,771282,2024,2,1,Tuesday,1,0,0,0,0,0,0,0,0,0,Medium,0
2024-02-07,491344,247071,41673,780088,2024,2,2,Wednesday,1,0,0,0,0,0,0,0,0,0,Medium,0
2024-02-08,486647,201948,43676,732271,2024,2,3,Thursday,1,0,0,0,0,0,0,0,0,0,Medium,0
2024-02-09,443283,122684,39470,605437,2024,2,4,Friday,1,0,0,0,0,0,0,0,0,0,Low,0
2024-02-10,462497,184014,42636,689147,2024,2,5,Saturday,1,1,1,1,1,0,0,1,1,1,Medium,0
2024-02-11,603125,336177,47477,986779,2024,2,6,Sunday,1,1,1,1,1,0,0,1,1,1,VeryHigh,1
2024-02-12,736503,358025,49504,1144032,2024,2,0,Monday,1,0,1,1,1,0,0,1,1,1,VeryHigh,1
2024-02-13,696921,357442,47808,1102171,2024,2,1,Tuesday,1,0,1,1,1,0,0,1,1,1,VeryHigh,1
2024-02-14,623031,361896,46405,1031332,2024,2,2,Wednesday,1,0,0,1,0,0,0,0,1,1,VeryHigh,1
2024-02-15,540348,349635,46302,936285,2024,2,3,Thursday,1,0,0,1,0,0,0,0,1,1,High,1
2024-02-16,557158,320995,47081,925234,2024,2,4,Friday,1,0,0,1,0,0,0,0,1,1,High,1
2024-02-17,648358,250663,47566,946587,2024,2,5,Saturday,1,1,0,1,0,0,0,0,1,1,VeryHigh,1
2024-02-18,640700,189605,45445,875750,2024,2,6,Sunday,1,1,0,0,0,0,0,0,0,0,High,1
2024-02-19,459613,172942,39514,672069,2024,2,0,Monday,1,0,0,0,0,0,0,0,0,0,Medium,0
2024-02-20,412245,161125,46300,619670,2024,2,1,Tuesday,1,0,0,0,0,0,0,0,0,0,Low,0
2024-02-21,401844,159509,45247,606600,2024,2,2,Wednesday,1,0,0,0,0,0,0,0,0,0,Low,0
2024-02-22,409118,150678,52653,612449,2024,2,3,Thursday,1,0,0,0,0,0,0,0,0,0,Low,0
2024-02-23,478323,156048,61471,695842,2024,2,4,Friday,1,0,0,0,0,0,0,0,0,0,Medium,0
2024-02-24,642523,196203,66153,904879,2024,2,5,Saturday,1,1,0,0,0,0,0,0,0,0,High,1
2024-02-25,633706,171018,76526,881250,2024,2,6,Sunday,1,1,0,0,0,0,0,0,0,0,High,1
2024-02-26,453841,121394,67178,642413,2024,2,0,Monday,1,0,0,0,0,0,0,0,0,0,Low,0
2024-02-27,424105,123524,59928,607557,2024,2,1,Tuesday,1,0,0,0,0,0,0,0,0,0,Low,0
2024-02-28,415265,127975,64335,607575,2024,2,2,Wednesday,1,0,0,0,0,0,0,0,0,0,Low,0
2024-02-29,424450,125527,58850,608827,2024,2,3,Thursday,1,0,0,0,0,0,0,0,0,0,Low,0
2024-03-01,481164,135438,62592,679194,2024,3,4,Friday,1,0,0,0,0,0,0,0,0,0,Medium,0
2024-03-02,590638,182017,69875,842530,2024,3,5,Saturday,1,1,0,0,0,0,0,0,0,0,High,1
2024-03-03,629874,161057,68390,859321,2024,3,6,Sunday,1,1,0,0,0,0,0,0,0,0,High,1
2024-03-04,439805,123115,63330,626250,2024,3,0,Monday,1,0,0,0,0,0,0,0,0,0,Low,0
2024-03-05,418408,117568,56896,592872,2024,3,1,Tuesday,1,0,0,0,0,0,0,0,0,0,Low,0
2024-03-06,414883,117905,54391,587179,2024,3,2,Wednesday,1,0,0,0,0,0,0,0,0,0,Low,0
2024-03-07,433563,120113,56821,610497,2024,3,3,Thursday,1,0,0,0,0,0,0,0,0,0,Low,0
2024-03-08,534935,156040,63089,754064,2024,3,4,Friday,1,0,0,0,0,0,0,0,0,0,Medium,0
2024-03-09,651559,206008,65617,923184,2024,3,5,Saturday,1,1,0,0,0,0,0,0,0,0,High,1
2024-03-10,658491,167044,76526,902061,2024,3,6,Sunday,1,1,0,0,0,0,0,0,0,0,High,1
2024-03-11,426930,115110,58777,600817,2024,3,0,Monday,1,0,0,0,0,0,0,0,0,0,Low,0
2024-03-12,445052,134160,50747,629959,2024,3,1,Tuesday,1,0,0,0,0,0,0,0,0,0,Low,0
2024-03-13,435390,135741,56130,627261,2024,3,2,Wednesday,1,0,0,0,0,0,0,0,0,0,Low,0
2024-03-14,449059,133436,56373,638868,2024,3,3,Thursday,1,0,0,0,0,0,0,0,0,0,Low,0
2024-03-15,534277,152253,67609,754139,2024,3,4,Friday,1,0,0,0,0,0,0,0,0,0,Medium,0
2024-03-16,666516,246286,65356,978158,2024,3,5,Saturday,1,1,0,0,0,0,0,0,0,0,VeryHigh,1
2024-03-17,716508,205551,69827,991886,2024,3,6,Sunday,1,1,0,0,0,0,0,0,0,0,VeryHigh,1
2024-03-18,472774,149494,59254,681522,2024,3,0,Monday,1,0,0,0,0,0,0,0,0,0,Medium,0
2024-03-19,433401,137285,51696,622382,2024,3,1,Tuesday,1,0,0,0,0,0,0,0,0,0,Low,0
2024-03-20,445926,148163,56966,651055,2024,3,2,Wednesday,1,0,0,0,0,0,0,0,0,0,Medium,0
2024-03-21,461352,147857,54455,663664,2024,3,3,Thursday,1,0,0,0,0,0,0,0,0,0,Medium,0
2024-03-22,547738,171255,61075,780068,2024,3,4,Friday,1,0,0,0,0,0,0,0,0,0,Medium,0
2024-03-23,686100,260447,61301,1007848,2024,3,5,Saturday,1,1,0,0,0,0,0,0,0,0,VeryHigh,1
2024-03-24,689858,223824,64555,978237,2024,3,6,Sunday,1,1,0,0,0,0,0,0,0,0,VeryHigh,1
2024-03-25,506744,156983,56563,720290,2024,3,0,Monday,1,0,0,0,0,0,0,0,0,0,Medium,0
2024-03-26,514399,150455,53669,718523,2024,3,1,Tuesday,1,0,0,0,0,0,0,0,0,0,Medium,0
2024-03-27,567991,150866,55673,774530,2024,3,2,Wednesday,1,0,0,0,0,0,0,0,0,0,Medium,0
2024-03-28,756523,154367,60786,971676,2024,3,3,Thursday,1,0,0,0,0,0,0,0,0,0,VeryHigh,1
2024-03-29,969974,135670,60184,1165828,2024,3,4,Friday,1,0,1,0,0,0,1,0,1,1,VeryHigh,1
2024-03-30,811679,201995,62384,1076058,2024,3,5,Saturday,1,1,1,0,0,0,1,0,1,1,VeryHigh,1
2024-03-31,873898,157690,62228,1093816,2024,3,6,Sunday,1,1,0,0,0,0,1,0,0,0,VeryHigh,1
2024-04-01,774042,101097,49719,924858,2024,4,0,Monday,2,0,1,0,0,0,1,0,1,1,High,1
2024-04-02,594306,113093,48327,755726,2024,4,1,Tuesday,2,0,0,0,0,0,0,0,0,0,Medium,0
2024-04-03,625688,122632,51608,799928,2024,4,2,Wednesday,2,0,0,0,0,0,0,0,0,0,High,1
2024-04-04,697441,263257,54115,1014813,2024,4,3,Thursday,2,0,1,1,0,0,0,1,1,1,VeryHigh,1
2024-04-05,589728,293147,55190,938065,2024,4,4,Friday,2,0,0,1,0,0,0,0,1,1,High,1
2024-04-06,646802,167342,56407,870551,2024,4,5,Saturday,2,1,0,1,0,0,0,0,1,1,High,1
2024-04-07,710002,116579,59657,886238,2024,4,6,Sunday,2,1,0,0,0,0,0,0,0,0,High,1
2024-04-08,508512,126969,59819,695300,2024,4,0,Monday,2,0,0,0,0,0,0,0,0,0,Medium,0
2024-04-09,452988,134447,55837,643272,2024,4,1,Tuesday,2,0,0,0,0,0,0,0,0,0,Low,0
2024-04-10,456283,154143,68403,678829,2024,4,2,Wednesday,2,0,0,0,0,0,0,0,0,0,Medium,0
2024-04-11,455113,164663,63671,683447,2024,4,3,Thursday,2,0,0,0,0,0,0,0,0,0,Medium,0
2024-04-12,550566,189064,69837,809467,2024,4,4,Friday,2,0,0,0,0,0,0,0,0,0,High,1
2024-04-13,708491,265643,72976,1047110,2024,4,5,Saturday,2,1,0,0,0,0,0,0,0,0,VeryHigh,1
2024-04-14,723280,215690,78497,1017467,2024,4,6,Sunday,2,1,0,0,0,0,0,0,0,0,VeryHigh,1
2024-04-15,491043,153957,68653,713653,2024,4,0,Monday,2,0,0,0,0,0,0,0,0,0,Medium,0
2024-04-16,450681,152627,58423,661731,2024,4,1,Tuesday,2,0,0,0,0,0,0,0,0,0,Medium,0
2024-04-17,449218,151274,58828,659320,2024,4,2,Wednesday,2,0,0,0,0,0,0,0,0,0,Medium,0
2024-04-18,449114,147246,58706,655066,2024,4,3,Thursday,2,0,0,0,0,0,0,0,0,0,Medium,0
2024-04-19,537172,161959,72108,771239,2024,4,4,Friday,2,0,0,0,0,0,0,0,0,0,Medium,0
2024-04-20,682521,217071,67988,967580,2024,4,5,Saturday,2,1,0,0,0,0,0,0,0,0,VeryHigh,1
2024-04-21,619600,160685,68494,848779,2024,4,6,Sunday,2,1,0,0,0,0,0,0,0,0,High,1
2024-04-22,447675,131672,63913,643260,2024,4,0,Monday,2,0,0,0,0,0,0,0,0,0,Low,0
2024-04-23,371441,117610,52930,541981,2024,4,1,Tuesday,2,0,0,0,0,0,0,0,0,0,Low,0
2024-04-24,430927,133426,59697,624050,2024,4,2,Wednesday,2,0,0,0,0,0,0,0,0,0,Low,0
2024-04-25,425540,123034,56090,604664,2024,4,3,Thursday,2,0,0,0,0,0,0,0,0,0,Low,0
2024-04-26,488652,140402,62211,691265,2024,4,4,Friday,2,0,0,0,0,0,0,0,0,0,Medium,0
2024-04-27,668207,169955,66826,904988,2024,4,5,Saturday,2,1,0,0,0,0,0,0,0,0,High,1
2024-04-28,684545,147128,65222,896895,2024,4,6,Sunday,2,1,0,0,0,0,0,0,0,0,High,1
2024-04-29,492566,162023,54118,708707,2024,4,0,Monday,2,0,0,0,0,0,0,0,0,0,Medium,0
2024-04-30,501609,201234,53759,756602,2024,4,1,Tuesday,2,0,0,0,0,0,0,0,0,0,Medium,0
2024-05-01,454157,301189,52618,807964,2024,5,2,Wednesday,2,0,1,1,0,0,0,1,1,1,High,1
2024-05-02,370830,365661,48158,784649,2024,5,3,Thursday,2,0,0,1,0,0,0,0,1,1,High,1
2024-05-03,432135,397936,55431,885502,2024,5,4,Friday,2,0,0,1,0,0,0,0,1,1,High,1
2024-05-04,475484,283280,54829,813593,2024,5,5,Saturday,2,1,0,1,0,0,0,0,1,1,High,1
2024-05-05,608454,226392,63089,897935,2024,5,6,Sunday,2,1,0,1,0,0,0,0,1,1,High,1
2024-05-06,468410,152868,53938,675216,2024,5,0,Monday,2,0,0,0,0,0,0,0,0,0,Medium,0
2024-05-07,444269,139008,41446,624723,2024,5,1,Tuesday,2,0,0,0,0,0,0,0,0,0,Low,0
2024-05-08,444755,127786,42909,615450,2024,5,2,Wednesday,2,0,0,0,0,0,0,0,0,0,Low,0
2024-05-09,463522,137957,44238,645717,2024,5,3,Thursday,2,0,0,0,0,0,0,0,0,0,Low,0
2024-05-10,547491,136474,49387,733352,2024,5,4,Friday,2,0,0,0,0,0,0,0,0,0,Medium,0
2024-05-11,725995,132530,51564,910089,2024,5,5,Saturday,2,1,0,0,0,0,0,0,0,0,High,1
2024-05-12,768396,155825,53521,977742,2024,5,6,Sunday,2,1,0,0,0,0,0,0,0,0,VeryHigh,1
2024-05-13,482977,125062,45900,653939,2024,5,0,Monday,2,0,0,0,0,0,0,0,0,0,Medium,0
2024-05-14,552053,128217,43188,723458,2024,5,1,Tuesday,2,0,0,0,0,0,0,0,0,0,Medium,0
2024-05-15,834462,118596,48794,1001852,2024,5,2,Wednesday,2,0,1,0,0,0,0,0,1,1,VeryHigh,1
2024-05-16,485814,141546,44237,671597,2024,5,3,Thursday,2,0,0,0,0,0,0,0,0,0,Medium,0
2024-05-17,550846,157029,51307,759182,2024,5,4,Friday,2,0,0,0,0,0,0,0,0,0,Medium,0
2024-05-18,697236,233251,54507,984994,2024,5,5,Saturday,2,1,0,0,0,0,0,0,0,0,VeryHigh,1
2024-05-19,700144,175000,52572,927716,2024,5,6,Sunday,2,1,0,0,0,0,0,0,0,0,High,1
2024-05-20,475121,121201,45313,641635,2024,5,0,Monday,2,0,0,0,0,0,0,0,0,0,Low,0
2024-05-21,414378,114907,43246,572531,2024,5,1,Tuesday,2,0,0,0,0,0,0,0,0,0,Low,0
2024-05-22,431822,122505,46375,600702,2024,5,2,Wednesday,2,0,0,0,0,0,0,0,0,0,Low,0
2024-05-23,447690,121408,46438,615536,2024,5,3,Thursday,2,0,0,0,0,0,0,0,0,0,Low,0
2024-05-24,508936,149159,51968,710063,2024,5,4,Friday,2,0,0,0,0,0,0,0,0,0,Medium,0
2024-05-25,665784,205895,57689,929368,2024,5,5,Saturday,2,1,0,0,0,0,0,0,0,0,High,1
2024-05-26,693040,194580,59059,946679,2024,5,6,Sunday,2,1,0,0,0,0,0,0,0,0,VeryHigh,1
2024-05-27,483125,130598,50923,664646,2024,5,0,Monday,2,0,0,0,0,0,0,0,0,0,Medium,0
2024-05-28,447261,118767,45047,611075,2024,5,1,Tuesday,2,0,0,0,0,0,0,0,0,0,Low,0
2024-05-29,458182,122867,45753,626802,2024,5,2,Wednesday,2,0,0,0,0,0,0,0,0,0,Low,0
2024-05-30,462605,122242,47561,632408,2024,5,3,Thursday,2,0,0,0,0,0,0,0,0,0,Low,0
2024-05-31,492964,127852,51003,671819,2024,5,4,Friday,2,0,0,0,0,0,0,0,0,0,Medium,0
2024-06-01,572752,163970,53959,790681,2024,6,5,Saturday,2,1,0,0,0,0,0,0,0,0,High,1
2024-06-02,643432,160587,54035,858054,2024,6,6,Sunday,2,1,0,0,0,0,0,0,0,0,High,1
2024-06-03,447618,113404,48414,609436,2024,6,0,Monday,2,0,0,0,0,0,0,0,0,0,Low,0
2024-06-04,433428,108912,40788,583128,2024,6,1,Tuesday,2,0,0,0,0,0,0,0,0,0,Low,0
2024-06-05,447243,114597,45704,607544,2024,6,2,Wednesday,2,0,0,0,0,0,0,0,0,0,Low,0
2024-06-06,465934,127434,49259,642627,2024,6,3,Thursday,2,0,0,0,0,0,0,0,0,0,Low,0
2024-06-07,603334,152006,53972,809312,2024,6,4,Friday,2,0,0,0,0,0,0,0,0,0,High,1
2024-06-08,791044,245213,60708,1096965,2024,6,5,Saturday,2,1,0,1,0,0,0,0,1,1,VeryHigh,1
2024-06-09,793416,243346,58447,1095209,2024,6,6,Sunday,2,1,0,1,0,0,0,0,1,1,VeryHigh,1
2024-06-10,798765,191721,54816,1045302,2024,6,0,Monday,2,0,1,1,0,0,0,1,1,1,VeryHigh,1
2024-06-11,532643,125304,46042,703989,2024,6,1,Tuesday,2,0,0,0,0,0,0,0,0,0,Medium,0
2024-06-12,472672,125597,46855,645124,2024,6,2,Wednesday,2,0,0,0,0,0,0,0,0,0,Low,0
2024-06-13,467784,129750,46569,644103,2024,6,3,Thursday,2,0,0,0,0,0,0,0,0,0,Low,0
2024-06-14,504044,138603,53955,696602,2024,6,4,Friday,2,0,0,0,0,0,0,0,0,0,Medium,0
2024-06-15,623064,181097,57092,861253,2024,6,5,Saturday,2,1,0,0,0,0,0,0,0,0,High,1
2024-06-16,690291,161898,57497,909686,2024,6,6,Sunday,2,1,0,0,0,0,0,0,0,0,High,1
2024-06-17,500641,137838,55270,693749,2024,6,0,Monday,2,0,0,0,0,0,0,0,0,0,Medium,0
2024-06-18,475776,129338,50387,655501,2024,6,1,Tuesday,2,0,0,0,0,0,0,0,0,0,Medium,0
2024-06-19,476876,131056,51910,659842,2024,6,2,Wednesday,2,0,0,0,0,0,0,0,0,0,Medium,0
2024-06-20,474988,135181,49562,659731,2024,6,3,Thursday,2,0,0,0,0,0,0,0,0,0,Medium,0
2024-06-21,562759,151140,55311,769210,2024,6,4,Friday,2,0,0,0,0,0,0,0,0,0,Medium,0
2024-06-22,731688,213988,59337,1005013,2024,6,5,Saturday,2,1,0,0,0,0,0,0,0,0,VeryHigh,1
2024-06-23,750018,188204,60612,998834,2024,6,6,Sunday,2,1,0,0,0,0,0,0,0,0,VeryHigh,1
2024-06-24,508717,139668,55120,703505,2024,6,0,Monday,2,0,0,0,0,0,0,0,0,0,Medium,0
2024-06-25,473138,133949,49026,656113,2024,6,1,Tuesday,2,0,0,0,0,0,0,0,0,0,Medium,0
2024-06-26,477386,139543,50434,667363,2024,6,2,Wednesday,2,0,0,0,0,0,0,0,0,0,Medium,0
2024-06-27,498264,142877,50089,691230,2024,6,3,Thursday,2,0,0,0,0,0,0,0,0,0,Medium,0
2024-06-28,619755,152201,53301,825257,2024,6,4,Friday,2,0,0,0,0,0,0,0,0,0,High,1
2024-06-29,829828,209200,57478,1096506,2024,6,5,Saturday,2,1,0,0,0,0,0,0,0,0,VeryHigh,1
2024-06-30,897805,185307,57651,1140763,2024,6,6,Sunday,2,1,0,0,0,0,0,0,0,0,VeryHigh,1
2024-07-01,869348,142818,46150,1058316,2024,7,0,Monday,3,0,1,0,0,0,0,0,1,1,VeryHigh,1
2024-07-02,509753,145495,44881,700129,2024,7,1,Tuesday,3,0,0,0,0,0,0,0,0,0,Medium,0
2024-07-03,476453,143809,46716,666978,2024,7,2,Wednesday,3,0,0,0,0,0,0,0,0,0,Medium,0
2024-07-04,468348,146966,48227,663541,2024,7,3,Thursday,3,0,0,0,0,0,0,0,0,0,Medium,0
2024-07-05,542793,162444,52978,758215,2024,7,4,Friday,3,0,0,0,0,0,0,0,0,0,Medium,0
2024-07-06,661052,237839,55154,954045,2024,7,5,Saturday,3,1,0,0,0,0,0,0,0,0,VeryHigh,1
2024-07-07,709513,215302,57898,982713,2024,7,6,Sunday,3,1,0,0,0,0,0,0,0,0,VeryHigh,1
2024-07-08,508756,174847,49878,733481,2024,7,0,Monday,3,0,0,0,0,0,0,0,0,0,Medium,0
2024-07-09,471657,172780,46402,690839,2024,7,1,Tuesday,3,0,0,0,0,0,0,0,0,0,Medium,0
2024-07-10,474558,180123,46701,701382,2024,7,2,Wednesday,3,0,0,0,0,0,0,0,0,0,Medium,0
2024-07-11,483739,182881,48002,714622,2024,7,3,Thursday,3,0,0,0,0,0,0,0,0,0,Medium,0
2024-07-12,561153,189743,50414,801310,2024,7,4,Friday,3,0,0,0,0,0,0,0,0,0,High,1
2024-07-13,732192,270339,54950,1057481,2024,7,5,Saturday,3,1,0,0,0,0,0,0,0,0,VeryHigh,1
2024-07-14,735588,258076,55967,1049631,2024,7,6,Sunday,3,1,0,0,0,0,0,0,0,0,VeryHigh,1
2024-07-15,535362,200237,51524,787123,2024,7,0,Monday,3,0,0,0,0,0,0,0,0,0,High,1
2024-07-16,492572,192971,44022,729565,2024,7,1,Tuesday,3,0,0,0,0,0,0,0,0,0,Medium,0
2024-07-17,499085,194807,45250,739142,2024,7,2,Wednesday,3,0,0,0,0,0,0,0,0,0,Medium,0
2024-07-18,501578,194422,45819,741819,2024,7,3,Thursday,3,0,0,0,0,0,0,0,0,0,Medium,0
2024-07-19,560976,208000,51042,820018,2024,7,4,Friday,3,0,0,0,0,0,0,0,0,0,High,1
2024-07-20,724253,285125,56235,1065613,2024,7,5,Saturday,3,1,0,0,0,0,0,0,0,0,VeryHigh,1
2024-07-21,752395,260519,56803,1069717,2024,7,6,Sunday,3,1,0,0,0,0,0,0,0,0,VeryHigh,1
2024-07-22,536251,200668,52679,789598,2024,7,0,Monday,3,0,0,0,0,0,0,0,0,0,High,1
2024-07-23,500980,198296,47263,746539,2024,7,1,Tuesday,3,0,0,0,0,0,0,0,0,0,Medium,0
2024-07-24,505751,204984,48286,759021,2024,7,2,Wednesday,3,0,0,0,0,0,0,0,0,0,Medium,0
2024-07-25,504889,200104,48648,753641,2024,7,3,Thursday,3,0,0,0,0,0,0,0,0,0,Medium,0
2024-07-26,554392,208039,54845,817276,2024,7,4,Friday,3,0,0,0,0,0,0,0,0,0,High,1
2024-07-27,685186,253958,58036,997180,2024,7,5,Saturday,3,1,0,0,0,0,0,0,0,0,VeryHigh,1
2024-07-28,709862,232040,58069,999971,2024,7,6,Sunday,3,1,0,0,0,0,0,0,0,0,VeryHigh,1
2024-07-29,540818,199008,54890,794716,2024,7,0,Monday,3,0,0,0,0,0,0,0,0,0,High,1
2024-07-30,493852,189381,48409,731642,2024,7,1,Tuesday,3,0,0,0,0,0,0,0,0,0,Medium,0
2024-07-31,489866,185413,46703,721982,2024,7,2,Wednesday,3,0,0,0,0,0,0,0,0,0,Medium,0
2024-08-01,510947,204015,47825,762787,2024,8,3,Thursday,3,0,0,0,0,0,0,0,0,0,Medium,0
2024-08-02,573573,225489,51131,850193,2024,8,4,Friday,3,0,0,0,0,0,0,0,0,0,High,1
2024-08-03,750524,327906,55329,1133759,2024,8,5,Saturday,3,1,0,0,0,0,0,0,0,0,VeryHigh,1
2024-08-04,785497,311519,55231,1152247,2024,8,6,Sunday,3,1,0,0,0,0,0,0,0,0,VeryHigh,1
2024-08-05,550773,238415,47598,836786,2024,8,0,Monday,3,0,0,0,0,0,0,0,0,0,High,1
2024-08-06,491838,221636,44721,758195,2024,8,1,Tuesday,3,0,0,0,0,0,0,0,0,0,Medium,0
2024-08-07,508199,223326,45692,777217,2024,8,2,Wednesday,3,0,0,0,0,0,0,0,0,0,Medium,0
2024-08-08,517145,227640,47839,792624,2024,8,3,Thursday,3,0,0,0,0,0,0,0,0,0,High,1
2024-08-09,585696,231953,51561,869210,2024,8,4,Friday,3,0,0,0,0,0,0,0,0,0,High,1
2024-08-10,759692,325705,55978,1141375,2024,8,5,Saturday,3,1,0,0,0,0,0,0,0,0,VeryHigh,1
2024-08-11,802461,297864,57843,1158168,2024,8,6,Sunday,3,1,0,0,0,0,0,0,0,0,VeryHigh,1
2024-08-12,563167,227260,53236,843663,2024,8,0,Monday,3,0,0,0,0,0,0,0,0,0,High,1
2024-08-13,516071,224680,49532,790283,2024,8,1,Tuesday,3,0,0,0,0,0,0,0,0,0,High,1
2024-08-14,506882,215362,49808,772052,2024,8,2,Wednesday,3,0,0,0,0,0,0,0,0,0,Medium,0
2024-08-15,498469,210371,52494,761334,2024,8,3,Thursday,3,0,0,0,0,0,0,0,0,0,Medium,0
2024-08-16,573208,218157,54811,846176,2024,8,4,Friday,3,0,0,0,0,0,0,0,0,0,High,1
2024-08-17,672169,257136,56621,985926,2024,8,5,Saturday,3,1,0,0,0,0,0,0,0,0,VeryHigh,1
2024-08-18,761624,256568,58141,1076333,2024,8,6,Sunday,3,1,0,0,0,0,0,0,0,0,VeryHigh,1
2024-08-19,549956,203922,51025,804903,2024,8,0,Monday,3,0,0,0,0,0,0,0,0,0,High,1
2024-08-20,504635,207607,45918,758160,2024,8,1,Tuesday,3,0,0,0,0,0,0,0,0,0,Medium,0
2024-08-21,503128,197097,46155,746380,2024,8,2,Wednesday,3,0,0,0,0,0,0,0,0,0,Medium,0
2024-08-22,530050,222090,52555,804695,2024,8,3,Thursday,3,0,0,0,0,0,0,0,0,0,High,1
2024-08-23,608736,252187,54225,915148,2024,8,4,Friday,3,0,0,0,0,0,0,0,0,0,High,1
2024-08-24,796577,329211,57652,1183440,2024,8,5,Saturday,3,1,0,0,0,0,0,0,0,0,VeryHigh,1
2024-08-25,849941,303573,59332,1212846,2024,8,6,Sunday,3,1,0,0,0,0,0,0,0,0,VeryHigh,1
2024-08-26,599780,223804,53090,876674,2024,8,0,Monday,3,0,0,0,0,0,0,0,0,0,High,1
2024-08-27,540474,207500,45546,793520,2024,8,1,Tuesday,3,0,0,0,0,0,0,0,0,0,High,1
2024-08-28,540970,197558,44942,783470,2024,8,2,Wednesday,3,0,0,0,0,0,0,0,0,0,High,1
2024-08-29,544460,178782,45055,768297,2024,8,3,Thursday,3,0,0,0,0,0,0,0,0,0,Medium,0
2024-08-30,617955,176318,48274,842547,2024,8,4,Friday,3,0,0,0,0,0,0,0,0,0,High,1
2024-08-31,779247,208361,50842,1038450,2024,8,5,Saturday,3,1,0,0,0,0,0,0,0,0,VeryHigh,1
2024-09-01,748269,169556,51959,969784,2024,9,6,Sunday,3,1,0,0,0,0,0,0,0,0,VeryHigh,1
2024-09-02,487923,122784,44582,655289,2024,9,0,Monday,3,0,0,0,0,0,0,0,0,0,Medium,0
2024-09-03,456583,121155,45743,623481,2024,9,1,Tuesday,3,0,0,0,0,0,0,0,0,0,Low,0
2024-09-04,453067,125582,41279,619928,2024,9,2,Wednesday,3,0,0,0,0,0,0,0,0,0,Low,0
2024-09-05,352947,114068,39433,506448,2024,9,3,Thursday,3,0,0,0,0,0,0,0,0,0,Low,0
2024-09-06,318095,78465,40621,437181,2024,9,4,Friday,3,0,0,0,0,0,0,0,0,0,Low,0
2024-09-07,664491,149038,53215,866744,2024,9,5,Saturday,3,1,0,0,0,0,0,0,0,0,High,1
2024-09-08,718272,167233,53142,938647,2024,9,6,Sunday,3,1,0,0,0,0,0,0,0,0,High,1
2024-09-09,520028,130824,43745,694597,2024,9,0,Monday,3,0,0,0,0,0,0,0,0,0,Medium,0
2024-09-10,487661,132531,43146,663338,2024,9,1,Tuesday,3,0,0,0,0,0,0,0,0,0,Medium,0
2024-09-11,487541,130860,47614,666015,2024,9,2,Wednesday,3,0,0,0,0,0,0,0,0,0,Medium,0
2024-09-12,497679,129069,46111,672859,2024,9,3,Thursday,3,0,0,0,0,0,0,0,0,0,Medium,0
2024-09-13,593742,140911,56432,791085,2024,9,4,Friday,3,0,0,0,0,0,0,0,0,0,High,1
2024-09-14,729032,147242,67186,943460,2024,9,5,Saturday,3,1,0,0,0,0,0,0,0,0,High,1
2024-09-15,730679,252365,66978,1050022,2024,9,6,Sunday,3,1,0,1,0,0,0,0,1,1,VeryHigh,1
2024-09-16,489249,286225,61915,837389,2024,9,0,Monday,3,0,0,1,0,0,0,0,1,1,High,1
2024-09-17,474650,171537,58176,704363,2024,9,1,Tuesday,3,0,0,1,0,0,0,0,1,1,Medium,0
2024-09-18,701362,111343,53853,866558,2024,9,2,Wednesday,3,0,1,0,0,0,0,0,1,1,High,1
2024-09-19,507101,131783,48576,687460,2024,9,3,Thursday,3,0,0,0,0,0,0,0,0,0,Medium,0
2024-09-20,551889,139598,52305,743792,2024,9,4,Friday,3,0,0,0,0,0,0,0,0,0,Medium,0
2024-09-21,653936,185602,58595,898133,2024,9,5,Saturday,3,1,0,0,0,0,0,0,0,0,High,1
2024-09-22,696728,176795,62447,935970,2024,9,6,Sunday,3,1,0,0,0,0,0,0,0,0,High,1
2024-09-23,514593,135026,53289,702908,2024,9,0,Monday,3,0,0,0,0,0,0,0,0,0,Medium,0
2024-09-24,460558,127608,47951,636117,2024,9,1,Tuesday,3,0,0,0,0,0,0,0,0,0,Low,0
2024-09-25,483434,134351,45688,663473,2024,9,2,Wednesday,3,0,0,0,0,0,0,0,0,0,Medium,0
2024-09-26,508282,141299,47163,696744,2024,9,3,Thursday,3,0,0,0,0,0,0,0,0,0,Medium,0
2024-09-27,600182,150153,50944,801279,2024,9,4,Friday,3,0,0,0,0,0,0,0,0,0,High,1
2024-09-28,737011,200017,57354,994382,2024,9,5,Saturday,3,1,0,0,0,0,0,0,0,0,VeryHigh,1
2024-09-29,755428,150228,54800,960456,2024,9,6,Sunday,3,1,0,0,0,0,0,0,0,0,VeryHigh,1
2024-09-30,566447,202720,45329,814496,2024,9,0,Monday,3,0,0,0,0,0,0,0,0,0,High,1
2024-10-01,521324,365780,44071,931175,2024,10,1,Tuesday,4,0,1,1,0,1,0,1,1,1,High,1
2024-10-02,415245,416341,44599,876185,2024,10,2,Wednesday,4,0,0,1,0,1,0,0,1,1,High,1
2024-10-03,419430,396624,44646,860700,2024,10,3,Thursday,4,0,0,1,0,1,0,0,1,1,High,1
2024-10-04,502987,386631,48312,937930,2024,10,4,Friday,4,0,0,1,0,1,0,0,1,1,High,1
2024-10-05,647532,356365,52027,1055924,2024,10,5,Saturday,4,1,0,1,0,1,0,0,1,1,VeryHigh,1
2024-10-06,661738,304169,53981,1019888,2024,10,6,Sunday,4,1,0,1,0,1,0,0,1,1,VeryHigh,1
2024-10-07,492480,247748,43884,784112,2024,10,0,Monday,4,0,0,1,0,1,0,0,1,1,High,1
2024-10-08,502167,151510,42945,696622,2024,10,1,Tuesday,4,0,0,0,0,0,0,0,0,0,Medium,0
2024-10-09,515377,133909,49905,699191,2024,10,2,Wednesday,4,0,0,0,0,0,0,0,0,0,Medium,0
2024-10-10,727245,140102,55747,923094,2024,10,3,Thursday,4,0,0,0,0,0,0,0,0,0,High,1
2024-10-11,989561,113654,64380,1167595,2024,10,4,Friday,4,0,1,0,0,0,0,0,1,1,VeryHigh,1
2024-10-12,737572,148620,70435,956627,2024,10,5,Saturday,4,1,0,0,0,0,0,0,0,0,VeryHigh,1
2024-10-13,793675,176628,68825,1039128,2024,10,6,Sunday,4,1,0,0,0,0,0,0,0,0,VeryHigh,1
2024-10-14,564176,154777,69434,788387,2024,10,0,Monday,4,0,0,0,0,0,0,0,0,0,High,1
2024-10-15,511136,139347,59652,710135,2024,10,1,Tuesday,4,0,0,0,0,0,0,0,0,0,Medium,0
2024-10-16,499860,151988,57229,709077,2024,10,2,Wednesday,4,0,0,0,0,0,0,0,0,0,Medium,0
2024-10-17,507009,140032,59601,706642,2024,10,3,Thursday,4,0,0,0,0,0,0,0,0,0,Medium,0
2024-10-18,600881,159710,66123,826714,2024,10,4,Friday,4,0,0,0,0,0,0,0,0,0,High,1
2024-10-19,755420,247094,74431,1076945,2024,10,5,Saturday,4,1,0,0,0,0,0,0,0,0,VeryHigh,1
2024-10-20,763981,207686,76322,1047989,2024,10,6,Sunday,4,1,0,0,0,0,0,0,0,0,VeryHigh,1
2024-10-21,545470,149852,64357,759679,2024,10,0,Monday,4,0,0,0,0,0,0,0,0,0,Medium,0
2024-10-22,499558,137080,59168,695806,2024,10,1,Tuesday,4,0,0,0,0,0,0,0,0,0,Medium,0
2024-10-23,505992,144449,68367,718808,2024,10,2,Wednesday,4,0,0,0,0,0,0,0,0,0,Medium,0
2024-10-24,520646,150528,61779,732953,2024,10,3,Thursday,4,0,0,0,0,0,0,0,0,0,Medium,0
2024-10-25,606129,156133,72488,834750,2024,10,4,Friday,4,0,0,0,0,0,0,0,0,0,High,1
2024-10-26,725761,235270,74724,1035755,2024,10,5,Saturday,4,1,0,0,0,0,0,0,0,0,VeryHigh,1
2024-10-27,741302,195118,74109,1010529,2024,10,6,Sunday,4,1,0,0,0,0,0,0,0,0,VeryHigh,1
2024-10-28,543814,154461,64381,762656,2024,10,0,Monday,4,0,0,0,0,0,0,0,0,0,Medium,0
2024-10-29,506239,150998,58960,716197,2024,10,1,Tuesday,4,0,0,0,0,0,0,0,0,0,Medium,0
2024-10-30,506343,147508,66196,720047,2024,10,2,Wednesday,4,0,0,0,0,0,0,0,0,0,Medium,0
2024-10-31,509743,137347,63642,710732,2024,10,3,Thursday,4,0,0,0,0,0,0,0,0,0,Medium,0
2024-11-01,612333,146560,70826,829719,2024,11,4,Friday,4,0,0,0,0,0,0,0,0,0,High,1
2024-11-02,761442,227028,76338,1064808,2024,11,5,Saturday,4,1,0,0,0,0,0,0,0,0,VeryHigh,1
2024-11-03,768887,177664,76611,1023162,2024,11,6,Sunday,4,1,0,0,0,0,0,0,0,0,VeryHigh,1
2024-11-04,546712,131308,72432,750452,2024,11,0,Monday,4,0,0,0,0,0,0,0,0,0,Medium,0
2024-11-05,504086,128203,59786,692075,2024,11,1,Tuesday,4,0,0,0,0,0,0,0,0,0,Medium,0
2024-11-06,500944,147288,59037,707269,2024,11,2,Wednesday,4,0,0,0,0,0,0,0,0,0,Medium,0
2024-11-07,524985,137512,59562,722059,2024,11,3,Thursday,4,0,0,0,0,0,0,0,0,0,Medium,0
2024-11-08,625526,152722,69767,848015,2024,11,4,Friday,4,0,0,0,0,0,0,0,0,0,High,1
2024-11-09,759122,232435,69184,1060741,2024,11,5,Saturday,4,1,0,0,0,0,0,0,0,0,VeryHigh,1
2024-11-10,783459,200737,76077,1060273,2024,11,6,Sunday,4,1,0,0,0,0,0,0,0,0,VeryHigh,1
2024-11-11,560904,144633,68290,773827,2024,11,0,Monday,4,0,0,0,0,0,0,0,0,0,Medium,0
2024-11-12,519770,144375,59889,724034,2024,11,1,Tuesday,4,0,0,0,0,0,0,0,0,0,Medium,0
2024-11-13,493778,142738,60591,697107,2024,11,2,Wednesday,4,0,0,0,0,0,0,0,0,0,Medium,0
2024-11-14,387904,126328,56900,571132,2024,11,3,Thursday,4,0,0,0,0,0,0,0,0,0,Low,0
2024-11-15,592377,157763,77808,827948,2024,11,4,Friday,4,0,0,0,0,0,0,0,0,0,High,1
2024-11-16,759154,256295,75694,1091143,2024,11,5,Saturday,4,1,0,0,0,0,0,0,0,0,VeryHigh,1
2024-11-17,770104,211965,74886,1056955,2024,11,6,Sunday,4,1,0,0,0,0,0,0,0,0,VeryHigh,1
2024-11-18,566129,163496,67330,796955,2024,11,0,Monday,4,0,0,0,0,0,0,0,0,0,High,1
2024-11-19,472340,135595,55829,663764,2024,11,1,Tuesday,4,0,0,0,0,0,0,0,0,0,Medium,0
2024-11-20,453699,129011,56966,639676,2024,11,2,Wednesday,4,0,0,0,0,0,0,0,0,0,Low,0
2024-11-21,505762,134895,62728,703385,2024,11,3,Thursday,4,0,0,0,0,0,0,0,0,0,Medium,0
2024-11-22,627971,169634,69864,867469,2024,11,4,Friday,4,0,0,0,0,0,0,0,0,0,High,1
2024-11-23,769850,256311,72885,1099046,2024,11,5,Saturday,4,1,0,0,0,0,0,0,0,0,VeryHigh,1
2024-11-24,774234,210364,76314,1060912,2024,11,6,Sunday,4,1,0,0,0,0,0,0,0,0,VeryHigh,1
2024-11-25,570666,148512,65771,784949,2024,11,0,Monday,4,0,0,0,0,0,0,0,0,0,High,1
2024-11-26,521924,143368,59866,725158,2024,11,1,Tuesday,4,0,0,0,0,0,0,0,0,0,Medium,0
2024-11-27,519747,148293,60882,728922,2024,11,2,Wednesday,4,0,0,0,0,0,0,0,0,0,Medium,0
2024-11-28,537668,153114,61602,752384,2024,11,3,Thursday,4,0,0,0,0,0,0,0,0,0,Medium,0
2024-11-29,638129,169473,68684,876286,2024,11,4,Friday,4,0,0,0,0,0,0,0,0,0,High,1
2024-11-30,788787,266430,72807,1128024,2024,11,5,Saturday,4,1,0,0,0,0,0,0,0,0,VeryHigh,1
2024-12-01,790976,233397,74704,1099077,2024,12,6,Sunday,4,1,0,0,0,0,0,0,0,0,VeryHigh,1
2024-12-02,550649,155206,64282,770137,2024,12,0,Monday,4,0,0,0,0,0,0,0,0,0,Medium,0
2024-12-03,510239,140995,57929,709163,2024,12,1,Tuesday,4,0,0,0,0,0,0,0,0,0,Medium,0
2024-12-04,508977,149662,60496,719135,2024,12,2,Wednesday,4,0,0,0,0,0,0,0,0,0,Medium,0
2024-12-05,524962,154571,65600,745133,2024,12,3,Thursday,4,0,0,0,0,0,0,0,0,0,Medium,0
2024-12-06,624539,178666,69932,873137,2024,12,4,Friday,4,0,0,0,0,0,0,0,0,0,High,1
2024-12-07,764415,281797,77299,1123511,2024,12,5,Saturday,4,1,0,0,0,0,0,0,0,0,VeryHigh,1
2024-12-08,772628,247540,80638,1100806,2024,12,6,Sunday,4,1,0,0,0,0,0,0,0,0,VeryHigh,1
2024-12-09,567420,158877,82908,809205,2024,12,0,Monday,4,0,0,0,0,0,0,0,0,0,High,1
2024-12-10,523108,156281,64047,743436,2024,12,1,Tuesday,4,0,0,0,0,0,0,0,0,0,Medium,0
2024-12-11,528327,161243,65427,754997,2024,12,2,Wednesday,4,0,0,0,0,0,0,0,0,0,Medium,0
2024-12-12,539873,160469,63926,764268,2024,12,3,Thursday,4,0,0,0,0,0,0,0,0,0,Medium,0
2024-12-13,623112,185672,65716,874500,2024,12,4,Friday,4,0,0,0,0,0,0,0,0,0,High,1
2024-12-14,745252,310490,72142,1127884,2024,12,5,Saturday,4,1,0,0,0,0,0,0,0,0,VeryHigh,1
2024-12-15,746106,260774,80849,1087729,2024,12,6,Sunday,4,1,0,0,0,0,0,0,0,0,VeryHigh,1
2024-12-16,573617,174213,65773,813603,2024,12,0,Monday,4,0,0,0,0,0,0,0,0,0,High,1
2024-12-17,537609,170725,59330,767664,2024,12,1,Tuesday,4,0,0,0,0,0,0,0,0,0,Medium,0
2024-12-18,549891,195071,60289,805251,2024,12,2,Wednesday,4,0,0,0,0,0,0,0,0,0,High,1
2024-12-19,578742,183398,67418,829558,2024,12,3,Thursday,4,0,0,0,0,0,0,0,0,0,High,1
2024-12-20,686290,196186,84812,967288,2024,12,4,Friday,4,0,0,0,0,0,0,0,0,0,VeryHigh,1
2024-12-21,728486,321933,71184,1121603,2024,12,5,Saturday,4,1,0,0,0,0,0,0,0,0,VeryHigh,1
2024-12-22,766177,295501,78034,1139712,2024,12,6,Sunday,4,1,0,0,0,0,0,0,0,0,VeryHigh,1
2024-12-23,669594,197010,80151,946755,2024,12,0,Monday,4,0,0,0,0,0,0,0,0,0,VeryHigh,1
2024-12-24,735901,185435,71238,992574,2024,12,1,Tuesday,4,0,0,0,0,0,0,0,0,0,VeryHigh,1
2024-12-25,916919,166881,78336,1162136,2024,12,2,Wednesday,4,0,1,0,0,0,0,0,1,1,VeryHigh,1
2024-12-26,890646,146152,83416,1120214,2024,12,3,Thursday,4,0,1,0,0,0,0,0,1,1,VeryHigh,1
2024-12-27,709446,171784,85308,966538,2024,12,4,Friday,4,0,0,0,0,0,0,0,0,0,VeryHigh,1
2024-12-28,753776,250697,91001,1095474,2024,12,5,Saturday,4,1,0,0,0,0,0,0,0,0,VeryHigh,1
2024-12-29,793629,207796,91710,1093135,2024,12,6,Sunday,4,1,0,0,0,0,0,0,0,0,VeryHigh,1
2024-12-30,675656,175858,90145,941659,2024,12,0,Monday,4,0,0,0,0,0,0,0,0,0,High,1
2024-12-31,618848,191044,68945,878837,2024,12,1,Tuesday,4,0,0,0,0,0,0,0,0,0,High,1
2025-01-01,614247,257942,76815,949004,2025,1,2,Wednesday,1,0,1,1,0,0,0,1,1,1,VeryHigh,1
2025-01-02,535891,147355,87257,770503,2025,1,3,Thursday,1,0,0,0,0,0,0,0,0,0,Medium,0
2025-01-03,571650,158443,81314,811407,2025,1,4,Friday,1,0,0,0,0,0,0,0,0,0,High,1
2025-01-04,691197,229372,76053,996622,2025,1,5,Saturday,1,1,0,0,0,0,0,0,0,0,VeryHigh,1
2025-01-05,687757,210267,75650,973674,2025,1,6,Sunday,1,1,0,0,0,0,0,0,0,0,VeryHigh,1
2025-01-06,545123,175613,66152,786888,2025,1,0,Monday,1,0,0,0,0,0,0,0,0,0,High,1
2025-01-07,515290,166437,63270,744997,2025,1,1,Tuesday,1,0,0,0,0,0,0,0,0,0,Medium,0
2025-01-08,508022,170022,60265,738309,2025,1,2,Wednesday,1,0,0,0,0,0,0,0,0,0,Medium,0
2025-01-09,517288,178208,64738,760234,2025,1,3,Thursday,1,0,0,0,0,0,0,0,0,0,Medium,0
2025-01-10,597446,193769,69217,860432,2025,1,4,Friday,1,0,0,0,0,0,0,0,0,0,High,1
2025-01-11,732433,273206,77249,1082888,2025,1,5,Saturday,1,1,0,0,0,0,0,0,0,0,VeryHigh,1
2025-01-12,743737,257879,79534,1081150,2025,1,6,Sunday,1,1,0,0,0,0,0,0,0,0,VeryHigh,1
2025-01-13,555486,200091,68464,824041,2025,1,0,Monday,1,0,0,0,0,0,0,0,0,0,High,1
2025-01-14,508962,195145,60295,764402,2025,1,1,Tuesday,1,0,0,0,0,0,0,0,0,0,Medium,0
2025-01-15,524150,203095,63778,791023,2025,1,2,Wednesday,1,0,0,0,0,0,0,0,0,0,High,1
2025-01-16,537654,231482,63973,833109,2025,1,3,Thursday,1,0,0,0,0,0,0,0,0,0,High,1
2025-01-17,611939,232559,68397,912895,2025,1,4,Friday,1,0,0,0,0,0,0,0,0,0,High,1
2025-01-18,764341,326044,75401,1165786,2025,1,5,Saturday,1,1,0,0,0,0,0,0,0,0,VeryHigh,1
2025-01-19,769971,318423,78215,1166609,2025,1,6,Sunday,1,1,0,0,0,0,0,0,0,0,VeryHigh,1
2025-01-20,559030,267544,62147,888721,2025,1,0,Monday,1,0,0,0,0,0,0,0,0,0,High,1
2025-01-21,511098,262062,57857,831017,2025,1,1,Tuesday,1,0,0,0,0,0,0,0,0,0,High,1
2025-01-22,509103,263798,61086,833987,2025,1,2,Wednesday,1,0,0,0,0,0,0,0,0,0,High,1
2025-01-23,531266,272317,57834,861417,2025,1,3,Thursday,1,0,0,0,0,0,0,0,0,0,High,1
2025-01-24,632806,287453,58907,979166,2025,1,4,Friday,1,0,0,0,0,0,0,0,0,0,VeryHigh,1
2025-01-25,730417,315622,71055,1117094,2025,1,5,Saturday,1,1,0,0,0,0,0,0,0,0,VeryHigh,1
2025-01-26,639689,278560,69030,987279,2025,1,6,Sunday,1,1,0,0,0,0,0,0,0,0,VeryHigh,1
2025-01-27,515538,260726,65091,841355,2025,1,0,Monday,1,0,0,0,0,0,0,0,0,0,High,1
2025-01-28,461917,142528,53693,658138,2025,1,1,Tuesday,1,0,0,1,0,0,0,0,1,1,Medium,0
2025-01-29,514809,206153,52380,773342,2025,1,2,Wednesday,1,0,1,1,1,0,0,1,1,1,Medium,0
2025-01-30,662294,350239,56253,1068786,2025,1,3,Thursday,1,0,1,1,1,0,0,1,1,1,VeryHigh,1
2025-01-31,791659,369042,61253,1221954,2025,1,4,Friday,1,0,1,1,1,0,0,1,1,1,VeryHigh,1
2025-02-01,798585,354636,59988,1213209,2025,2,5,Saturday,1,1,0,1,0,0,0,0,1,1,VeryHigh,1
2025-02-02,741079,339929,57263,1138271,2025,2,6,Sunday,1,1,0,1,0,0,0,0,1,1,VeryHigh,1
2025-02-03,626588,323882,50515,1000985,2025,2,0,Monday,1,0,0,1,0,0,0,0,1,1,VeryHigh,1
2025-02-04,571360,285241,43941,900542,2025,2,1,Tuesday,1,0,0,1,0,0,0,0,1,1,High,1
2025-02-05,552703,226209,44438,823350,2025,2,2,Wednesday,1,0,0,0,0,0,0,0,0,0,High,1
2025-02-06,500848,219268,44965,765081,2025,2,3,Thursday,1,0,0,0,0,0,0,0,0,0,Medium,0
2025-02-07,546261,227172,52344,825777,2025,2,4,Friday,1,0,0,0,0,0,0,0,0,0,High,1
2025-02-08,671476,221929,62134,955539,2025,2,5,Saturday,1,1,0,0,0,0,0,0,0,0,VeryHigh,1
2025-02-09,673357,247412,61535,982304,2025,2,6,Sunday,1,1,0,0,0,0,0,0,0,0,VeryHigh,1
2025-02-10,512624,203724,56551,772899,2025,2,0,Monday,1,0,0,0,0,0,0,0,0,0,Medium,0
2025-02-11,484720,171991,54975,711686,2025,2,1,Tuesday,1,0,0,0,0,0,0,0,0,0,Medium,0
2025-02-12,443958,129909,57883,631750,2025,2,2,Wednesday,1,0,0,0,0,0,0,0,0,0,Low,0
2025-02-13,507643,143047,59352,710042,2025,2,3,Thursday,1,0,0,0,0,0,0,0,0,0,Medium,0
2025-02-14,626890,156797,66884,850571,2025,2,4,Friday,1,0,0,0,0,0,0,0,0,0,High,1
2025-02-15,771960,229372,74097,1075429,2025,2,5,Saturday,1,1,0,0,0,0,0,0,0,0,VeryHigh,1
2025-02-16,776438,199960,84442,1060840,2025,2,6,Sunday,1,1,0,0,0,0,0,0,0,0,VeryHigh,1
2025-02-17,552157,154598,67592,774347,2025,2,0,Monday,1,0,0,0,0,0,0,0,0,0,Medium,0
2025-02-18,508396,150421,68298,727115,2025,2,1,Tuesday,1,0,0,0,0,0,0,0,0,0,Medium,0
2025-02-19,501032,152967,63753,717752,2025,2,2,Wednesday,1,0,0,0,0,0,0,0,0,0,Medium,0
2025-02-20,519753,157453,65206,742412,2025,2,3,Thursday,1,0,0,0,0,0,0,0,0,0,Medium,0
2025-02-21,607314,171423,79072,857809,2025,2,4,Friday,1,0,0,0,0,0,0,0,0,0,High,1
2025-02-22,770507,246138,82665,1099310,2025,2,5,Saturday,1,1,0,0,0,0,0,0,0,0,VeryHigh,1
2025-02-23,761259,195667,82233,1039159,2025,2,6,Sunday,1,1,0,0,0,0,0,0,0,0,VeryHigh,1
2025-02-24,552583,148349,73268,774200,2025,2,0,Monday,1,0,0,0,0,0,0,0,0,0,Medium,0
2025-02-25,502775,136641,62446,701862,2025,2,1,Tuesday,1,0,0,0,0,0,0,0,0,0,Medium,0
2025-02-26,494976,133644,63372,691992,2025,2,2,Wednesday,1,0,0,0,0,0,0,0,0,0,Medium,0
2025-02-27,519023,140657,69080,728760,2025,2,3,Thursday,1,0,0,0,0,0,0,0,0,0,Medium,0
2025-02-28,617891,155931,79870,853692,2025,2,4,Friday,1,0,0,0,0,0,0,0,0,0,High,1
2025-03-01,768232,245042,77202,1090476,2025,3,5,Saturday,1,1,0,0,0,0,0,0,0,0,VeryHigh,1
2025-03-02,757391,209486,79915,1046792,2025,3,6,Sunday,1,1,0,0,0,0,0,0,0,0,VeryHigh,1
2025-03-03,541637,148678,69516,759831,2025,3,0,Monday,1,0,0,0,0,0,0,0,0,0,Medium,0
2025-03-04,485926,129001,54934,669861,2025,3,1,Tuesday,1,0,0,0,0,0,0,0,0,0,Medium,0
2025-03-05,481318,132264,56661,670243,2025,3,2,Wednesday,1,0,0,0,0,0,0,0,0,0,Medium,0
2025-03-06,484579,128513,57531,670623,2025,3,3,Thursday,1,0,0,0,0,0,0,0,0,0,Medium,0
2025-03-07,603221,143984,68968,816173,2025,3,4,Friday,1,0,0,0,0,0,0,0,0,0,High,1
2025-03-08,792625,229491,73321,1095437,2025,3,5,Saturday,1,1,0,0,0,0,0,0,0,0,VeryHigh,1
2025-03-09,806686,199525,79042,1085253,2025,3,6,Sunday,1,1,0,0,0,0,0,0,0,0,VeryHigh,1
2025-03-10,573448,155235,67174,795857,2025,3,0,Monday,1,0,0,0,0,0,0,0,0,0,High,1
2025-03-11,527119,151553,57391,736063,2025,3,1,Tuesday,1,0,0,0,0,0,0,0,0,0,Medium,0
2025-03-12,514453,153732,55673,723858,2025,3,2,Wednesday,1,0,0,0,0,0,0,0,0,0,Medium,0
2025-03-13,537498,151836,59982,749316,2025,3,3,Thursday,1,0,0,0,0,0,0,0,0,0,Medium,0
2025-03-14,645862,165484,69324,880670,2025,3,4,Friday,1,0,0,0,0,0,0,0,0,0,High,1
2025-03-15,764636,206588,76154,1047378,2025,3,5,Saturday,1,1,0,0,0,0,0,0,0,0,VeryHigh,1
2025-03-16,827290,206009,76434,1109733,2025,3,6,Sunday,1,1,0,0,0,0,0,0,0,0,VeryHigh,1
2025-03-17,566263,159860,65466,791589,2025,3,0,Monday,1,0,0,0,0,0,0,0,0,0,High,1
2025-03-18,516432,151972,61651,730055,2025,3,1,Tuesday,1,0,0,0,0,0,0,0,0,0,Medium,0
2025-03-19,519368,159713,67702,746783,2025,3,2,Wednesday,1,0,0,0,0,0,0,0,0,0,Medium,0
2025-03-20,538110,160747,73062,771919,2025,3,3,Thursday,1,0,0,0,0,0,0,0,0,0,Medium,0
2025-03-21,644224,180423,73481,898128,2025,3,4,Friday,1,0,0,0,0,0,0,0,0,0,High,1
2025-03-22,798492,282419,75769,1156680,2025,3,5,Saturday,1,1,0,0,0,0,0,0,0,0,VeryHigh,1
2025-03-23,800114,237609,78961,1116684,2025,3,6,Sunday,1,1,0,0,0,0,0,0,0,0,VeryHigh,1
2025-03-24,572590,169707,68215,810512,2025,3,0,Monday,1,0,0,0,0,0,0,0,0,0,High,1
2025-03-25,529010,161424,63769,754203,2025,3,1,Tuesday,1,0,0,0,0,0,0,0,0,0,Medium,0
2025-03-26,523447,161075,67738,752260,2025,3,2,Wednesday,1,0,0,0,0,0,0,0,0,0,Medium,0
2025-03-27,546325,162014,70870,779209,2025,3,3,Thursday,1,0,0,0,0,0,0,0,0,0,Medium,0
2025-03-28,638412,173932,75455,887799,2025,3,4,Friday,1,0,0,0,0,0,0,0,0,0,High,1
2025-03-29,780621,232318,78252,1091191,2025,3,5,Saturday,1,1,0,0,0,0,0,0,0,0,VeryHigh,1
2025-03-30,779968,196562,77570,1054100,2025,3,6,Sunday,1,1,0,0,0,0,0,0,0,0,VeryHigh,1
2025-03-31,536443,149755,71265,757463,2025,3,0,Monday,1,0,0,0,0,0,0,0,0,0,Medium,0
2025-04-01,513814,135457,63636,712907,2025,4,1,Tuesday,2,0,0,0,0,0,0,0,0,0,Medium,0
2025-04-02,546611,133090,65277,744978,2025,4,2,Wednesday,2,0,0,0,0,0,0,0,0,0,Medium,0
2025-04-03,767835,156146,69408,993389,2025,4,3,Thursday,2,0,0,0,0,0,0,0,0,0,VeryHigh,1
2025-04-04,870281,324016,79457,1273754,2025,4,4,Friday,2,0,1,1,0,0,0,1,1,1,VeryHigh,1
2025-04-05,705896,266330,77798,1050024,2025,4,5,Saturday,2,1,0,1,0,0,0,0,1,1,VeryHigh,1
2025-04-06,781291,211920,78861,1072072,2025,4,6,Sunday,2,1,0,1,0,0,0,0,1,1,VeryHigh,1
2025-04-07,596841,153346,66293,816480,2025,4,0,Monday,2,0,0,0,0,0,0,0,0,0,High,1
2025-04-08,542791,169339,57537,769667,2025,4,1,Tuesday,2,0,0,0,0,0,0,0,0,0,Medium,0
2025-04-09,529992,174259,64236,768487,2025,4,2,Wednesday,2,0,0,0,0,0,0,0,0,0,Medium,0
2025-04-10,547866,171700,64214,783780,2025,4,3,Thursday,2,0,0,0,0,0,0,0,0,0,High,1
2025-04-11,643109,188663,66435,898207,2025,4,4,Friday,2,0,0,0,0,0,0,0,0,0,High,1
2025-04-12,674222,193906,73280,941408,2025,4,5,Saturday,2,1,0,0,0,0,0,0,0,0,High,1
2025-04-13,776941,230516,79675,1087132,2025,4,6,Sunday,2,1,0,0,0,0,0,0,0,0,VeryHigh,1
2025-04-14,604802,178571,75562,858935,2025,4,0,Monday,2,0,0,0,0,0,0,0,0,0,High,1
2025-04-15,599051,168153,66420,833624,2025,4,1,Tuesday,2,0,0,0,0,0,0,0,0,0,High,1
2025-04-16,658737,166039,62908,887684,2025,4,2,Wednesday,2,0,0,0,0,0,0,0,0,0,High,1
2025-04-17,879996,164250,63648,1107894,2025,4,3,Thursday,2,0,0,0,0,0,0,0,0,0,VeryHigh,1
2025-04-18,1022762,143627,83578,1249967,2025,4,4,Friday,2,0,1,0,0,0,1,0,1,1,VeryHigh,1
2025-04-19,930675,236183,77406,1244264,2025,4,5,Saturday,2,1,1,0,0,0,1,0,1,1,VeryHigh,1
2025-04-20,997502,200610,78505,1276617,2025,4,6,Sunday,2,1,0,0,0,0,1,0,0,0,VeryHigh,1
2025-04-21,917219,134078,67493,1118790,2025,4,0,Monday,2,0,1,0,0,0,1,0,1,1,VeryHigh,1
2025-04-22,728134,158549,60720,947403,2025,4,1,Tuesday,2,0,0,0,0,0,0,0,0,0,VeryHigh,1
2025-04-23,626377,160816,64408,851601,2025,4,2,Wednesday,2,0,0,0,0,0,0,0,0,0,High,1
2025-04-24,596012,166862,64585,827459,2025,4,3,Thursday,2,0,0,0,0,0,0,0,0,0,High,1
2025-04-25,619432,167921,66461,853814,2025,4,4,Friday,2,0,0,0,0,0,0,0,0,0,High,1
2025-04-26,763339,233482,76671,1073492,2025,4,5,Saturday,2,1,0,0,0,0,0,0,0,0,VeryHigh,1
2025-04-27,747591,206426,73712,1027729,2025,4,6,Sunday,2,1,0,0,0,0,0,0,0,0,VeryHigh,1
2025-04-28,549910,179031,65210,794151,2025,4,0,Monday,2,0,0,0,0,0,0,0,0,0,High,1
2025-04-29,553150,188128,61441,802719,2025,4,1,Tuesday,2,0,0,0,0,0,0,0,0,0,High,1
2025-04-30,626197,220063,62860,909120,2025,4,2,Wednesday,2,0,0,0,0,0,0,0,0,0,High,1
2025-05-01,578584,380327,71072,1029983,2025,5,3,Thursday,2,0,1,1,0,0,0,1,1,1,VeryHigh,1
2025-05-02,543974,519095,67446,1130515,2025,5,4,Friday,2,0,0,1,0,0,0,0,1,1,VeryHigh,1
2025-05-03,708515,417726,80114,1206355,2025,5,5,Saturday,2,1,0,1,0,0,0,0,1,1,VeryHigh,1
2025-05-04,813218,345831,79938,1238987,2025,5,6,Sunday,2,1,0,1,0,0,0,0,1,1,VeryHigh,1
2025-05-05,747212,214729,66123,1028064,2025,5,0,Monday,2,0,1,1,0,0,0,1,1,1,VeryHigh,1
2025-05-06,535519,147529,60624,743672,2025,5,1,Tuesday,2,0,0,0,0,0,0,0,0,0,Medium,0
2025-05-07,488238,128144,52031,668413,2025,5,2,Wednesday,2,0,0,0,0,0,0,0,0,0,Medium,0
2025-05-08,526942,134830,54187,715959,2025,5,3,Thursday,2,0,0,0,0,0,0,0,0,0,Medium,0
2025-05-09,592868,157462,59934,810264,2025,5,4,Friday,2,0,0,0,0,0,0,0,0,0,High,1
2025-05-10,736366,211406,63304,1011076,2025,5,5,Saturday,2,1,0,0,0,0,0,0,0,0,VeryHigh,1
2025-05-11,776202,196130,62529,1034861,2025,5,6,Sunday,2,1,0,0,0,0,0,0,0,0,VeryHigh,1
2025-05-12,566878,164705,64790,796373,2025,5,0,Monday,2,0,0,0,0,0,0,0,0,0,High,1
2025-05-13,532350,161557,54355,748262,2025,5,1,Tuesday,2,0,0,0,0,0,0,0,0,0,Medium,0
2025-05-14,523545,157191,57318,738054,2025,5,2,Wednesday,2,0,0,0,0,0,0,0,0,0,Medium,0
2025-05-15,540327,143747,57113,741187,2025,5,3,Thursday,2,0,0,0,0,0,0,0,0,0,Medium,0
2025-05-16,628652,153708,61784,844144,2025,5,4,Friday,2,0,0,0,0,0,0,0,0,0,High,1
2025-05-17,791991,227032,62786,1081809,2025,5,5,Saturday,2,1,0,0,0,0,0,0,0,0,VeryHigh,1
2025-05-18,790559,197115,65994,1053668,2025,5,6,Sunday,2,1,0,0,0,0,0,0,0,0,VeryHigh,1
2025-05-19,566638,150405,60587,777630,2025,5,0,Monday,2,0,0,0,0,0,0,0,0,0,Medium,0
2025-05-20,526951,141178,52310,720439,2025,5,1,Tuesday,2,0,0,0,0,0,0,0,0,0,Medium,0
2025-05-21,516673,140633,51931,709237,2025,5,2,Wednesday,2,0,0,0,0,0,0,0,0,0,Medium,0
2025-05-22,524543,145015,55143,724701,2025,5,3,Thursday,2,0,0,0,0,0,0,0,0,0,Medium,0
2025-05-23,607387,163694,60584,831665,2025,5,4,Friday,2,0,0,0,0,0,0,0,0,0,High,1
2025-05-24,747899,230218,64537,1042654,2025,5,5,Saturday,2,1,0,0,0,0,0,0,0,0,VeryHigh,1
2025-05-25,748119,228704,65433,1042256,2025,5,6,Sunday,2,1,0,0,0,0,0,0,0,0,VeryHigh,1
2025-05-26,568718,162733,55767,787218,2025,5,0,Monday,2,0,0,0,0,0,0,0,0,0,High,1
2025-05-27,524001,146107,50150,720258,2025,5,1,Tuesday,2,0,0,0,0,0,0,0,0,0,Medium,0
2025-05-28,512228,135967,53136,701331,2025,5,2,Wednesday,2,0,0,0,0,0,0,0,0,0,Medium,0
2025-05-29,509655,131235,58441,699331,2025,5,3,Thursday,2,0,0,0,0,0,0,0,0,0,Medium,0
2025-05-30,691982,164960,65447,922389,2025,5,4,Friday,2,0,0,0,0,0,0,0,0,0,High,1
2025-05-31,756468,250479,66864,1073811,2025,5,5,Saturday,2,1,1,1,0,0,0,1,1,1,VeryHigh,1
2025-06-01,772918,263303,69380,1105601,2025,6,6,Sunday,2,1,0,1,0,0,0,0,1,1,VeryHigh,1
2025-06-02,529873,214225,64168,808266,2025,6,0,Monday,2,0,0,1,0,0,0,0,1,1,High,1
2025-06-03,514569,133760,54106,702435,2025,6,1,Tuesday,2,0,0,0,0,0,0,0,0,0,Medium,0
2025-06-04,483124,127701,50411,661236,2025,6,2,Wednesday,2,0,0,0,0,0,0,0,0,0,Medium,0
2025-06-05,508125,137488,53735,699348,2025,6,3,Thursday,2,0,0,0,0,0,0,0,0,0,Medium,0
2025-06-06,622073,162374,60624,845071,2025,6,4,Friday,2,0,0,0,0,0,0,0,0,0,High,1
2025-06-07,773497,224479,63652,1061628,2025,6,5,Saturday,2,1,0,0,0,0,0,0,0,0,VeryHigh,1
2025-06-08,777460,190098,65613,1033171,2025,6,6,Sunday,2,1,0,0,0,0,0,0,0,0,VeryHigh,1
2025-06-09,556162,144772,57097,758031,2025,6,0,Monday,2,0,0,0,0,0,0,0,0,0,Medium,0
2025-06-10,521962,138239,51082,711283,2025,6,1,Tuesday,2,0,0,0,0,0,0,0,0,0,Medium,0
2025-06-11,504010,137122,51468,692600,2025,6,2,Wednesday,2,0,0,0,0,0,0,0,0,0,Medium,0
2025-06-12,489162,138639,52823,680624,2025,6,3,Thursday,2,0,0,0,0,0,0,0,0,0,Medium,0
2025-06-13,568474,145662,56065,770201,2025,6,4,Friday,2,0,0,0,0,0,0,0,0,0,Medium,0
2025-06-14,693890,170287,60553,924730,2025,6,5,Saturday,2,1,0,0,0,0,0,0,0,0,High,1
2025-06-15,784164,147763,61902,993829,2025,6,6,Sunday,2,1,0,0,0,0,0,0,0,0,VeryHigh,1
2025-06-16,575472,143055,55035,773562,2025,6,0,Monday,2,0,0,0,0,0,0,0,0,0,Medium,0
2025-06-17,491001,130006,50854,671861,2025,6,1,Tuesday,2,0,0,0,0,0,0,0,0,0,Medium,0
2025-06-18,540622,148066,54674,743362,2025,6,2,Wednesday,2,0,0,0,0,0,0,0,0,0,Medium,0
2025-06-19,548955,161683,55338,765976,2025,6,3,Thursday,2,0,0,0,0,0,0,0,0,0,Medium,0
2025-06-20,654875,171890,61391,888156,2025,6,4,Friday,2,0,0,0,0,0,0,0,0,0,High,1
2025-06-21,850061,237685,64679,1152425,2025,6,5,Saturday,2,1,0,0,0,0,0,0,0,0,VeryHigh,1
2025-06-22,879654,206651,67920,1154225,2025,6,6,Sunday,2,1,0,0,0,0,0,0,0,0,VeryHigh,1
2025-06-23,589059,162471,58407,809937,2025,6,0,Monday,2,0,0,0,0,0,0,0,0,0,High,1
2025-06-24,541675,159771,53446,754892,2025,6,1,Tuesday,2,0,0,0,0,0,0,0,0,0,Medium,0
2025-06-25,546114,163658,55372,765144,2025,6,2,Wednesday,2,0,0,0,0,0,0,0,0,0,Medium,0
2025-06-26,546962,167124,56473,770559,2025,6,3,Thursday,2,0,0,0,0,0,0,0,0,0,Medium,0
2025-06-27,669076,197886,63723,930685,2025,6,4,Friday,2,0,0,0,0,0,0,0,0,0,High,1
2025-06-28,841392,261813,63917,1167122,2025,6,5,Saturday,2,1,0,0,0,0,0,0,0,0,VeryHigh,1
2025-06-29,866680,243662,68531,1178873,2025,6,6,Sunday,2,1,0,0,0,0,0,0,0,0,VeryHigh,1
2025-06-30,677473,188719,58276,924468,2025,6,0,Monday,2,0,0,0,0,0,0,0,0,0,High,1
2025-07-01,779285,154591,47165,981041,2025,7,1,Tuesday,3,0,1,0,0,0,0,0,1,1,VeryHigh,1
2025-07-02,564800,173016,52801,790617,2025,7,2,Wednesday,3,0,0,0,0,0,0,0,0,0,High,1
2025-07-03,545126,179317,53647,778090,2025,7,3,Thursday,3,0,0,0,0,0,0,0,0,0,Medium,0
2025-07-04,630175,197715,61392,889282,2025,7,4,Friday,3,0,0,0,0,0,0,0,0,0,High,1
2025-07-05,746162,278847,64014,1089023,2025,7,5,Saturday,3,1,0,0,0,0,0,0,0,0,VeryHigh,1
2025-07-06,807174,251903,66228,1125305,2025,7,6,Sunday,3,1,0,0,0,0,0,0,0,0,VeryHigh,1
2025-07-07,570175,200057,56765,826997,2025,7,0,Monday,3,0,0,0,0,0,0,0,0,0,High,1
2025-07-08,537360,194960,51204,783524,2025,7,1,Tuesday,3,0,0,0,0,0,0,0,0,0,High,1
2025-07-09,526328,205392,54210,785930,2025,7,2,Wednesday,3,0,0,0,0,0,0,0,0,0,High,1
2025-07-10,469490,179286,54006,702782,2025,7,3,Thursday,3,0,0,0,0,0,0,0,0,0,Medium,0
2025-07-11,579794,191727,57379,828900,2025,7,4,Friday,3,0,0,0,0,0,0,0,0,0,High,1
2025-07-12,779065,270758,59753,1109576,2025,7,5,Saturday,3,1,0,0,0,0,0,0,0,0,VeryHigh,1
2025-07-13,885838,280844,64646,1231328,2025,7,6,Sunday,3,1,0,0,0,0,0,0,0,0,VeryHigh,1
2025-07-14,604285,228195,55541,888021,2025,7,0,Monday,3,0,0,0,0,0,0,0,0,0,High,1
2025-07-15,563691,223300,51674,838665,2025,7,1,Tuesday,3,0,0,0,0,0,0,0,0,0,High,1
2025-07-16,557678,235913,53503,847094,2025,7,2,Wednesday,3,0,0,0,0,0,0,0,0,0,High,1
2025-07-17,571349,226197,54157,851703,2025,7,3,Thursday,3,0,0,0,0,0,0,0,0,0,High,1
2025-07-18,635741,227089,58977,921807,2025,7,4,Friday,3,0,0,0,0,0,0,0,0,0,High,1
2025-07-19,764570,302073,63793,1130436,2025,7,5,Saturday,3,1,0,0,0,0,0,0,0,0,VeryHigh,1
2025-07-20,147477,66461,19094,233032,2025,7,6,Sunday,3,1,0,0,0,0,0,0,0,0,Low,0
2025-07-21,596255,206125,70645,873025,2025,7,0,Monday,3,0,0,0,0,0,0,0,0,0,High,1
2025-07-22,566633,196599,55583,818815,2025,7,1,Tuesday,3,0,0,0,0,0,0,0,0,0,High,1
2025-07-23,579542,210859,52641,843042,2025,7,2,Wednesday,3,0,0,0,0,0,0,0,0,0,High,1
2025-07-24,583467,232090,55372,870929,2025,7,3,Thursday,3,0,0,0,0,0,0,0,0,0,High,1
2025-07-25,665619,255043,62132,982794,2025,7,4,Friday,3,0,0,0,0,0,0,0,0,0,VeryHigh,1
2025-07-26,854705,366756,68218,1289679,2025,7,5,Saturday,3,1,0,0,0,0,0,0,0,0,VeryHigh,1
2025-07-27,898801,331020,69791,1299612,2025,7,6,Sunday,3,1,0,0,0,0,0,0,0,0,VeryHigh,1
2025-07-28,632444,250921,62695,946060,2025,7,0,Monday,3,0,0,0,0,0,0,0,0,0,High,1
2025-07-29,522609,221417,53678,797704,2025,7,1,Tuesday,3,0,0,0,0,0,0,0,0,0,High,1
2025-07-30,567773,219134,55828,842735,2025,7,2,Wednesday,3,0,0,0,0,0,0,0,0,0,High,1
2025-07-31,570983,222246,55572,848801,2025,7,3,Thursday,3,0,0,0,0,0,0,0,0,0,High,1
2025-08-01,654053,247961,59483,961497,2025,8,4,Friday,3,0,0,0,0,0,0,0,0,0,VeryHigh,1
2025-08-02,735360,307619,57623,1100602,2025,8,5,Saturday,3,1,0,0,0,0,0,0,0,0,VeryHigh,1
2025-08-03,807679,273826,61641,1143146,2025,8,6,Sunday,3,1,0,0,0,0,0,0,0,0,VeryHigh,1
2025-08-04,560070,208894,53440,822404,2025,8,0,Monday,3,0,0,0,0,0,0,0,0,0,High,1
2025-08-05,390023,163804,46688,600515,2025,8,1,Tuesday,3,0,0,0,0,0,0,0,0,0,Low,0
2025-08-06,532833,206283,51613,790729,2025,8,2,Wednesday,3,0,0,0,0,0,0,0,0,0,High,1
2025-08-07,591797,247433,53444,892674,2025,8,3,Thursday,3,0,0,0,0,0,0,0,0,0,High,1
2025-08-08,679587,296377,60600,1036564,2025,8,4,Friday,3,0,0,0,0,0,0,0,0,0,VeryHigh,1
2025-08-09,857194,402176,66956,1326326,2025,8,5,Saturday,3,1,0,0,0,0,0,0,0,0,VeryHigh,1
2025-08-10,901909,371241,69350,1342500,2025,8,6,Sunday,3,1,0,0,0,0,0,0,0,0,VeryHigh,1
2025-08-11,653924,268577,61866,984367,2025,8,0,Monday,3,0,0,0,0,0,0,0,0,0,VeryHigh,1
2025-08-12,595345,249134,60105,904584,2025,8,1,Tuesday,3,0,0,0,0,0,0,0,0,0,High,1
2025-08-13,591227,254717,58842,904786,2025,8,2,Wednesday,3,0,0,0,0,0,0,0,0,0,High,1
2025-08-14,446236,198311,58867,703414,2025,8,3,Thursday,3,0,0,0,0,0,0,0,0,0,Medium,0
2025-08-15,651823,266037,69683,987543,2025,8,4,Friday,3,0,0,0,0,0,0,0,0,0,VeryHigh,1
2025-08-16,842250,411009,73820,1327079,2025,8,5,Saturday,3,1,0,0,0,0,0,0,0,0,VeryHigh,1
2025-08-17,859327,365293,70939,1295559,2025,8,6,Sunday,3,1,0,0,0,0,0,0,0,0,VeryHigh,1
2025-08-18,593316,244811,60090,898217,2025,8,0,Monday,3,0,0,0,0,0,0,0,0,0,High,1
2025-08-19,536179,263488,54904,854571,2025,8,1,Tuesday,3,0,0,0,0,0,0,0,0,0,High,1
2025-08-20,594507,296059,56673,947239,2025,8,2,Wednesday,3,0,0,0,0,0,0,0,0,0,VeryHigh,1
2025-08-21,601450,273936,58041,933427,2025,8,3,Thursday,3,0,0,0,0,0,0,0,0,0,High,1
2025-08-22,689862,284512,64944,1039318,2025,8,4,Friday,3,0,0,0,0,0,0,0,0,0,VeryHigh,1
2025-08-23,856188,377242,68920,1302350,2025,8,5,Saturday,3,1,0,0,0,0,0,0,0,0,VeryHigh,1
2025-08-24,885440,320103,68844,1274387,2025,8,6,Sunday,3,1,0,0,0,0,0,0,0,0,VeryHigh,1
2025-08-25,652782,245218,59756,957756,2025,8,0,Monday,3,0,0,0,0,0,0,0,0,0,VeryHigh,1
2025-08-26,612085,248496,53700,914281,2025,8,1,Tuesday,3,0,0,0,0,0,0,0,0,0,High,1
2025-08-27,616241,235101,55751,907093,2025,8,2,Wednesday,3,0,0,0,0,0,0,0,0,0,High,1
2025-08-28,613250,222231,53794,889275,2025,8,3,Thursday,3,0,0,0,0,0,0,0,0,0,High,1
2025-08-29,697677,220722,57737,976136,2025,8,4,Friday,3,0,0,0,0,0,0,0,0,0,VeryHigh,1
2025-08-30,848308,295613,60861,1204782,2025,8,5,Saturday,3,1,0,0,0,0,0,0,0,0,VeryHigh,1
2025-08-31,820445,218860,61398,1100703,2025,8,6,Sunday,3,1,0,0,0,0,0,0,0,0,VeryHigh,1
2025-09-01,558478,151584,49794,759856,2025,9,0,Monday,3,0,0,0,0,0,0,0,0,0,Medium,0
2025-09-02,522764,148768,47656,719188,2025,9,1,Tuesday,3,0,0,0,0,0,0,0,0,0,Medium,0
2025-09-03,508915,144031,46329,699275,2025,9,2,Wednesday,3,0,0,0,0,0,0,0,0,0,Medium,0
2025-09-04,531268,151862,47075,730205,2025,9,3,Thursday,3,0,0,0,0,0,0,0,0,0,Medium,0
2025-09-05,619227,155595,57064,831886,2025,9,4,Friday,3,0,0,0,0,0,0,0,0,0,High,1
2025-09-06,772898,216219,59796,1048913,2025,9,5,Saturday,3,1,0,0,0,0,0,0,0,0,VeryHigh,1
2025-09-07,694404,184810,60517,939731,2025,9,6,Sunday,3,1,0,0,0,0,0,0,0,0,High,1
2025-09-08,345369,89282,43060,477711,2025,9,0,Monday,3,0,0,0,0,0,0,0,0,0,Low,0
2025-09-09,534252,133022,52909,720183,2025,9,1,Tuesday,3,0,0,0,0,0,0,0,0,0,Medium,0
2025-09-10,540779,137059,52554,730392,2025,9,2,Wednesday,3,0,0,0,0,0,0,0,0,0,Medium,0
2025-09-11,553074,149035,51035,753144,2025,9,3,Thursday,3,0,0,0,0,0,0,0,0,0,Medium,0
2025-09-12,659869,168139,61146,889154,2025,9,4,Friday,3,0,0,0,0,0,0,0,0,0,High,1
2025-09-13,818472,236689,66814,1121975,2025,9,5,Saturday,3,1,0,0,0,0,0,0,0,0,VeryHigh,1
2025-09-14,833174,204612,70022,1107808,2025,9,6,Sunday,3,1,0,0,0,0,0,0,0,0,VeryHigh,1
2025-09-15,589322,153009,63394,805725,2025,9,0,Monday,3,0,0,0,0,0,0,0,0,0,High,1
2025-09-16,544553,157932,56088,758573,2025,9,1,Tuesday,3,0,0,0,0,0,0,0,0,0,Medium,0
2025-09-17,538424,158407,53185,750016,2025,9,2,Wednesday,3,0,0,0,0,0,0,0,0,0,Medium,0
2025-09-18,545094,154536,57329,756959,2025,9,3,Thursday,3,0,0,0,0,0,0,0,0,0,Medium,0
2025-09-19,577319,158046,64671,800036,2025,9,4,Friday,3,0,0,0,0,0,0,0,0,0,High,1
2025-09-20,651746,192171,68279,912196,2025,9,5,Saturday,3,1,0,0,0,0,0,0,0,0,High,1
2025-09-21,707111,182186,73211,962508,2025,9,6,Sunday,3,1,0,0,0,0,0,0,0,0,VeryHigh,1
2025-09-22,642118,182084,66718,890920,2025,9,0,Monday,3,0,0,0,0,0,0,0,0,0,High,1
2025-09-23,200742,60914,27116,288772,2025,9,1,Tuesday,3,0,0,0,0,0,0,0,0,0,Low,0
2025-09-24,24931,2809,280,28020,2025,9,2,Wednesday,3,0,0,0,0,0,0,0,0,0,Low,0
2025-09-25,484813,110511,61349,656673,2025,9,3,Thursday,3,0,0,0,0,0,0,0,0,0,Medium,0
2025-09-26,682572,180416,67874,930862,2025,9,4,Friday,3,0,0,0,0,0,0,0,0,0,High,1
2025-09-27,833372,272132,68037,1173541,2025,9,5,Saturday,3,1,0,0,0,0,0,0,0,0,VeryHigh,1
2025-09-28,838695,209472,64872,1113039,2025,9,6,Sunday,3,1,0,0,0,0,0,0,0,0,VeryHigh,1
2025-09-29,630268,211344,58073,899685,2025,9,0,Monday,3,0,0,0,0,0,0,0,0,0,High,1
2025-09-30,637618,225157,51204,913979,2025,9,1,Tuesday,3,0,0,0,0,0,0,0,0,0,High,1
2025-10-01,541109,399400,53459,993968,2025,10,2,Wednesday,4,0,1,1,0,1,0,1,1,1,VeryHigh,1
2025-10-02,494453,426412,55863,976728,2025,10,3,Thursday,4,0,0,1,0,1,0,0,1,1,VeryHigh,1
2025-10-03,594821,445723,58750,1099294,2025,10,4,Friday,4,0,0,1,0,1,0,0,1,1,VeryHigh,1
2025-10-04,700783,423094,62469,1186346,2025,10,5,Saturday,4,1,0,1,0,1,0,0,1,1,VeryHigh,1
2025-10-05,627056,325085,58217,1010358,2025,10,6,Sunday,4,1,0,1,0,1,0,0,1,1,VeryHigh,1
2025-10-06,536112,290302,63030,889444,2025,10,0,Monday,4,0,0,1,0,1,0,0,1,1,High,1
2025-10-07,739984,289004,60521,1089509,2025,10,1,Tuesday,4,0,1,1,0,1,0,1,1,1,VeryHigh,1
2025-10-08,553648,240029,54028,847705,2025,10,2,Wednesday,4,0,0,1,0,0,0,0,1,1,High,1
2025-10-09,575336,162652,57849,795837,2025,10,3,Thursday,4,0,0,0,0,0,0,0,0,0,High,1
2025-10-10,660385,166951,68780,896116,2025,10,4,Friday,4,0,0,0,0,0,0,0,0,0,High,1
2025-10-11,814618,148884,72997,1036499,2025,10,5,Saturday,4,1,0,0,0,0,0,0,0,0,VeryHigh,1
2025-10-12,803410,189750,76315,1069475,2025,10,6,Sunday,4,1,0,0,0,0,0,0,0,0,VeryHigh,1
2025-10-13,602543,164341,72936,839820,2025,10,0,Monday,4,0,0,0,0,0,0,0,0,0,High,1
2025-10-14,559738,163463,72616,795817,2025,10,1,Tuesday,4,0,0,0,0,0,0,0,0,0,High,1
2025-10-15,567113,153170,76437,796720,2025,10,2,Wednesday,4,0,0,0,0,0,0,0,0,0,High,1
2025-10-16,578180,157390,68398,803968,2025,10,3,Thursday,4,0,0,0,0,0,0,0,0,0,High,1
2025-10-17,679793,175299,76198,931290,2025,10,4,Friday,4,0,0,0,0,0,0,0,0,0,High,1
2025-10-18,816756,258776,82774,1158306,2025,10,5,Saturday,4,1,0,0,0,0,0,0,0,0,VeryHigh,1
2025-10-19,822235,213621,86421,1122277,2025,10,6,Sunday,4,1,0,0,0,0,0,0,0,0,VeryHigh,1
2025-10-20,601553,166343,78545,846441,2025,10,0,Monday,4,0,0,0,0,0,0,0,0,0,High,1
2025-10-21,514765,147832,72269,734866,2025,10,1,Tuesday,4,0,0,0,0,0,0,0,0,0,Medium,0
2025-10-22,531028,145061,82029,758118,2025,10,2,Wednesday,4,0,0,0,0,0,0,0,0,0,Medium,0
2025-10-23,569803,157407,83885,811095,2025,10,3,Thursday,4,0,0,0,0,0,0,0,0,0,High,1
2025-10-24,694135,180220,81826,956181,2025,10,4,Friday,4,0,0,0,0,0,0,0,0,0,VeryHigh,1
2025-10-25,832519,271534,84667,1188720,2025,10,5,Saturday,4,1,0,0,0,0,0,0,0,0,VeryHigh,1
2025-10-26,824099,219418,92281,1135798,2025,10,6,Sunday,4,1,0,0,0,0,0,0,0,0,VeryHigh,1
2025-10-27,615487,168386,81708,865581,2025,10,0,Monday,4,0,0,0,0,0,0,0,0,0,High,1
2025-10-28,681386,164552,71571,917509,2025,10,1,Tuesday,4,0,0,0,0,0,0,0,0,0,High,1
2025-10-29,844376,138135,76554,1059065,2025,10,2,Wednesday,4,0,1,0,0,0,0,0,1,1,VeryHigh,1
2025-10-30,596503,172864,78359,847726,2025,10,3,Thursday,4,0,0,0,0,0,0,0,0,0,High,1
2025-10-31,668677,182396,79536,930609,2025,10,4,Friday,4,0,0,0,0,0,0,0,0,0,High,1
2025-11-01,790607,274197,79711,1144515,2025,11,5,Saturday,4,1,0,0,0,0,0,0,0,0,VeryHigh,1
2025-11-02,809737,209931,82985,1102653,2025,11,6,Sunday,4,1,0,0,0,0,0,0,0,0,VeryHigh,1
2025-11-03,614343,154563,78371,847277,2025,11,0,Monday,4,0,0,0,0,0,0,0,0,0,High,1
2025-11-04,557215,145899,69713,772827,2025,11,1,Tuesday,4,0,0,0,0,0,0,0,0,0,Medium,0
2025-11-05,567762,159983,69658,797403,2025,11,2,Wednesday,4,0,0,0,0,0,0,0,0,0,High,1
2025-11-06,582509,159506,70730,812745,2025,11,3,Thursday,4,0,0,0,0,0,0,0,0,0,High,1
2025-11-07,696442,174735,76311,947488,2025,11,4,Friday,4,0,0,0,0,0,0,0,0,0,VeryHigh,1
2025-11-08,824790,263438,76757,1164985,2025,11,5,Saturday,4,1,0,0,0,0,0,0,0,0,VeryHigh,1
2025-11-09,846373,223881,84675,1154929,2025,11,6,Sunday,4,1,0,0,0,0,0,0,0,0,VeryHigh,1
2025-11-10,628287,162222,74687,865196,2025,11,0,Monday,4,0,0,0,0,0,0,0,0,0,High,1
2025-11-11,576816,158993,67283,803092,2025,11,1,Tuesday,4,0,0,0,0,0,0,0,0,0,High,1
2025-11-12,575058,178587,68866,822511,2025,11,2,Wednesday,4,0,0,0,0,0,0,0,0,0,High,1
2025-11-13,592717,188211,70207,851135,2025,11,3,Thursday,4,0,0,0,0,0,0,0,0,0,High,1
2025-11-14,713561,210285,82632,1006478,2025,11,4,Friday,4,0,0,0,0,0,0,0,0,0,VeryHigh,1
2025-11-15,827632,316144,82624,1226400,2025,11,5,Saturday,4,1,0,0,0,0,0,0,0,0,VeryHigh,1
2025-11-16,871065,249761,90385,1211211,2025,11,6,Sunday,4,1,0,0,0,0,0,0,0,0,VeryHigh,1
2025-11-17,642330,177998,76177,896505,2025,11,0,Monday,4,0,0,0,0,0,0,0,0,0,High,1
2025-11-18,585630,165419,67899,818948,2025,11,1,Tuesday,4,0,0,0,0,0,0,0,0,0,High,1
2025-11-19,561913,156826,71808,790547,2025,11,2,Wednesday,4,0,0,0,0,0,0,0,0,0,High,1
2025-11-20,578087,163602,76945,818634,2025,11,3,Thursday,4,0,0,0,0,0,0,0,0,0,High,1
2025-11-21,695079,190938,88060,974077,2025,11,4,Friday,4,0,0,0,0,0,0,0,0,0,VeryHigh,1
2025-11-22,844380,297768,84131,1226279,2025,11,5,Saturday,4,1,0,0,0,0,0,0,0,0,VeryHigh,1
2025-11-23,858263,245407,86691,1190361,2025,11,6,Sunday,4,1,0,0,0,0,0,0,0,0,VeryHigh,1
2025-11-24,627670,172405,78065,878140,2025,11,0,Monday,4,0,0,0,0,0,0,0,0,0,High,1
2025-11-25,587187,169769,67284,824240,2025,11,1,Tuesday,4,0,0,0,0,0,0,0,0,0,High,1
2025-11-26,589005,178311,69475,836791,2025,11,2,Wednesday,4,0,0,0,0,0,0,0,0,0,High,1
2025-11-27,586789,174255,70788,831832,2025,11,3,Thursday,4,0,0,0,0,0,0,0,0,0,High,1
2025-11-28,709614,216324,76982,1002920,2025,11,4,Friday,4,0,0,0,0,0,0,0,0,0,VeryHigh,1
2025-11-29,841819,302113,80621,1224553,2025,11,5,Saturday,4,1,0,0,0,0,0,0,0,0,VeryHigh,1
2025-11-30,851171,232901,83173,1167245,2025,11,6,Sunday,4,1,0,0,0,0,0,0,0,0,VeryHigh,1
2025-12-01,601167,176594,73369,851130,2025,12,0,Monday,4,0,0,0,0,0,0,0,0,0,High,1
2025-12-02,558282,165218,68782,792282,2025,12,1,Tuesday,4,0,0,0,0,0,0,0,0,0,High,1
2025-12-03,554402,168282,67988,790672,2025,12,2,Wednesday,4,0,0,0,0,0,0,0,0,0,High,1
2025-12-04,573136,179827,75388,828351,2025,12,3,Thursday,4,0,0,0,0,0,0,0,0,0,High,1
2025-12-05,686457,194243,83985,964685,2025,12,4,Friday,4,0,0,0,0,0,0,0,0,0,VeryHigh,1
2025-12-06,829449,309414,85144,1224007,2025,12,5,Saturday,4,1,0,0,0,0,0,0,0,0,VeryHigh,1
2025-12-07,852815,277812,92738,1223365,2025,12,6,Sunday,4,1,0,0,0,0,0,0,0,0,VeryHigh,1
2025-12-08,755096,190185,84649,1029930,2025,12,0,Monday,4,0,0,0,0,0,0,0,0,0,VeryHigh,1
2025-12-09,587272,174251,71854,833377,2025,12,1,Tuesday,4,0,0,0,0,0,0,0,0,0,High,1
2025-12-10,576494,173168,74071,823733,2025,12,2,Wednesday,4,0,0,0,0,0,0,0,0,0,High,1
2025-12-11,593937,182573,71128,847638,2025,12,3,Thursday,4,0,0,0,0,0,0,0,0,0,High,1
2025-12-12,689472,198329,78359,966160,2025,12,4,Friday,4,0,0,0,0,0,0,0,0,0,VeryHigh,1
2025-12-13,804757,311865,81990,1198612,2025,12,5,Saturday,4,1,0,0,0,0,0,0,0,0,VeryHigh,1
2025-12-14,801579,272892,86090,1160561,2025,12,6,Sunday,4,1,0,0,0,0,0,0,0,0,VeryHigh,1
2025-12-15,635274,187170,74414,896858,2025,12,0,Monday,4,0,0,0,0,0,0,0,0,0,High,1
2025-12-16,601723,182752,64221,848696,2025,12,1,Tuesday,4,0,0,0,0,0,0,0,0,0,High,1
2025-12-17,616210,193002,67276,876488,2025,12,2,Wednesday,4,0,0,0,0,0,0,0,0,0,High,1
2025-12-18,633548,193250,69767,896565,2025,12,3,Thursday,4,0,0,0,0,0,0,0,0,0,High,1
2025-12-19,747611,217651,82972,1048234,2025,12,4,Friday,4,0,0,0,0,0,0,0,0,0,VeryHigh,1
2025-12-20,834664,367434,85366,1287464,2025,12,5,Saturday,4,1,0,0,0,0,0,0,0,0,VeryHigh,1
2025-12-21,785463,272063,84314,1141840,2025,12,6,Sunday,4,1,0,0,0,0,0,0,0,0,VeryHigh,1
2025-12-22,715034,204530,83872,1003436,2025,12,0,Monday,4,0,0,0,0,0,0,0,0,0,VeryHigh,1
2025-12-23,717711,198711,82015,998437,2025,12,1,Tuesday,4,0,0,0,0,0,0,0,0,0,VeryHigh,1
2025-12-24,871424,207331,79764,1158519,2025,12,2,Wednesday,4,0,0,0,0,0,0,0,0,0,VeryHigh,1
2025-12-25,991193,176623,85148,1252964,2025,12,3,Thursday,4,0,1,0,0,0,0,0,1,1,VeryHigh,1
2025-12-26,934918,152783,93417,1181118,2025,12,4,Friday,4,0,1,0,0,0,0,0,1,1,VeryHigh,1
2025-12-27,837115,282371,98687,1218173,2025,12,5,Saturday,4,1,0,0,0,0,0,0,0,0,VeryHigh,1
2025-12-28,869387,222832,96817,1189036,2025,12,6,Sunday,4,1,0,0,0,0,0,0,0,0,VeryHigh,1
2025-12-29,767344,187155,95328,1049827,2025,12,0,Monday,4,0,0,0,0,0,0,0,0,0,VeryHigh,1
2025-12-30,709177,194254,104239,1007670,2025,12,1,Tuesday,4,0,0,0,0,0,0,0,0,0,VeryHigh,1
2025-12-31,691809,239188,83695,1014692,2025,12,2,Wednesday,4,0,0,0,0,0,0,0,0,0,VeryHigh,1
2026-01-01,659722,430716,89854,1180292,2026,1,3,Thursday,1,0,0,0,0,0,0,0,0,0,VeryHigh,1
2026-01-02,619735,404393,109487,1133615,2026,1,4,Friday,1,0,0,0,0,0,0,0,0,0,VeryHigh,1
2026-01-03,735930,240051,97413,1073394,2026,1,5,Saturday,1,1,0,0,0,0,0,0,0,0,VeryHigh,1
2026-01-04,758261,164334,87415,1010010,2026,1,6,Sunday,1,1,0,0,0,0,0,0,0,0,VeryHigh,1
2026-01-05,607354,167372,74112,848838,2026,1,0,Monday,1,0,0,0,0,0,0,0,0,0,High,1
2026-01-06,561810,157838,70664,790312,2026,1,1,Tuesday,1,0,0,0,0,0,0,0,0,0,High,1
2026-01-07,551249,160309,67145,778703,2026,1,2,Wednesday,1,0,0,0,0,0,0,0,0,0,Medium,0
2026-01-08,561308,165090,68118,794516,2026,1,3,Thursday,1,0,0,0,0,0,0,0,0,0,High,1
2026-01-09,663421,192111,78866,934398,2026,1,4,Friday,1,0,0,0,0,0,0,0,0,0,High,1
2026-01-10,802805,268587,80109,1151501,2026,1,5,Saturday,1,1,0,0,0,0,0,0,0,0,VeryHigh,1
2026-01-11,803811,241678,82608,1128097,2026,1,6,Sunday,1,1,0,0,0,0,0,0,0,0,VeryHigh,1
2026-01-12,618052,183778,74466,876296,2026,1,0,Monday,1,0,0,0,0,0,0,0,0,0,High,1
2026-01-13,576596,189697,65917,832210,2026,1,1,Tuesday,1,0,0,0,0,0,0,0,0,0,High,1
2026-01-14,576657,184936,68063,829656,2026,1,2,Wednesday,1,0,0,0,0,0,0,0,0,0,High,1
2026-01-15,595440,188182,71059,854681,2026,1,3,Thursday,1,0,0,0,0,0,0,0,0,0,High,1
2026-01-16,696875,200940,86518,984333,2026,1,4,Friday,1,0,0,0,0,0,0,0,0,0,VeryHigh,1
2026-01-17,846461,294842,79785,1221088,2026,1,5,Saturday,1,1,0,0,0,0,0,0,0,0,VeryHigh,1
2026-01-18,850344,264925,83170,1198439,2026,1,6,Sunday,1,1,0,0,0,0,0,0,0,0,VeryHigh,1
2026-01-19,625212,197120,72364,894696,2026,1,0,Monday,1,0,0,0,0,0,0,0,0,0,High,1
2026-01-20,578308,194370,64279,836957,2026,1,1,Tuesday,1,0,0,0,0,0,0,0,0,0,High,1
2026-01-21,559844,190908,66932,817684,2026,1,2,Wednesday,1,0,0,0,0,0,0,0,0,0,High,1
2026-01-22,567159,192228,68468,827855,2026,1,3,Thursday,1,0,0,0,0,0,0,0,0,0,High,1
2026-01-23,675340,218824,77816,971980,2026,1,4,Friday,1,0,0,0,0,0,0,0,0,0,VeryHigh,1
2026-01-24,843220,355518,80872,1279610,2026,1,5,Saturday,1,1,0,0,0,0,0,0,0,0,VeryHigh,1
2026-01-25,850367,343298,84186,1277851,2026,1,6,Sunday,1,1,0,0,0,0,0,0,0,0,VeryHigh,1
2026-01-26,622788,261665,73922,958375,2026,1,0,Monday,1,0,0,0,0,0,0,0,0,0,VeryHigh,1
2026-01-27,584982,234198,66018,885198,2026,1,1,Tuesday,1,0,0,0,0,0,0,0,0,0,High,1
2026-01-28,586852,238838,66782,892472,2026,1,2,Wednesday,1,0,0,0,0,0,0,0,0,0,High,1
2026-01-29,595837,235272,70420,901529,2026,1,3,Thursday,1,0,0,0,0,0,0,0,0,0,High,1
2026-01-30,694850,223925,81707,1000482,2026,1,4,Friday,1,0,0,0,0,0,0,0,0,0,VeryHigh,1
2026-01-31,833355,305347,78857,1217559,2026,1,5,Saturday,1,1,0,0,0,0,0,0,0,0,VeryHigh,1
2026-02-01,842012,320780,83078,1245870,2026,2,6,Sunday,1,1,0,0,0,0,0,0,0,0,VeryHigh,1
2026-02-02,611744,259603,70102,941449,2026,2,0,Monday,1,0,0,0,0,0,0,0,0,0,High,1
2026-02-03,576523,255902,61503,893928,2026,2,1,Tuesday,1,0,0,0,0,0,0,0,0,0,High,1
2026-02-04,578210,259702,66759,904671,2026,2,2,Wednesday,1,0,0,0,0,0,0,0,0,0,High,1
2026-02-05,596034,269407,66156,931597,2026,2,3,Thursday,1,0,0,0,0,0,0,0,0,0,High,1
2026-02-06,688313,283325,69111,1040749,2026,2,4,Friday,1,0,0,0,0,0,0,0,0,0,VeryHigh,1
2026-02-07,824694,383795,76170,1284659,2026,2,5,Saturday,1,1,0,0,0,0,0,0,0,0,VeryHigh,1
2026-02-08,818469,379133,78180,1275782,2026,2,6,Sunday,1,1,0,0,0,0,0,0,0,0,VeryHigh,1
2026-02-09,630530,313240,65590,1009360,2026,2,0,Monday,1,0,0,0,0,0,0,0,0,0,VeryHigh,1
2026-02-10,591660,301334,59175,952169,2026,2,1,Tuesday,1,0,0,0,0,0,0,0,0,0,VeryHigh,1
2026-02-11,593144,317244,58887,969275,2026,2,2,Wednesday,1,0,0,0,0,0,0,0,0,0,VeryHigh,1
2026-02-12,619200,322343,55667,997210,2026,2,3,Thursday,1,0,0,0,0,0,0,0,0,0,VeryHigh,1
2026-02-13,741600,320501,57780,1119881,2026,2,4,Friday,1,0,0,0,0,0,0,0,0,0,VeryHigh,1
2026-02-14,807558,309677,67028,1184263,2026,2,5,Saturday,1,1,0,0,0,0,0,0,0,0,VeryHigh,1
2026-02-15,634898,279284,67977,982159,2026,2,6,Sunday,1,1,0,0,0,0,0,0,0,0,VeryHigh,1
2026-02-16,473311,155619,54417,683347,2026,2,0,Monday,1,0,0,0,0,0,0,0,0,0,Medium,0
2026-02-17,529360,232491,60118,821969,2026,2,1,Tuesday,1,0,0,0,0,0,0,0,0,0,High,1
2026-02-18,706716,401115,60674,1168505,2026,2,2,Wednesday,1,0,0,0,0,0,0,0,0,0,VeryHigh,1
2026-02-19,799742,415172,58619,1273533,2026,2,3,Thursday,1,0,0,0,0,0,0,0,0,0,VeryHigh,1
2026-02-20,734083,419218,63092,1216393,2026,2,4,Friday,1,0,0,0,0,0,0,0,0,0,VeryHigh,1
2026-02-21,788860,389827,64468,1243155,2026,2,5,Saturday,1,1,0,0,0,0,0,0,0,0,VeryHigh,1
2026-02-22,764510,367086,65959,1197555,2026,2,6,Sunday,1,1,0,0,0,0,0,0,0,0,VeryHigh,1
2026-02-23,669076,326794,57717,1053587,2026,2,0,Monday,1,0,0,0,0,0,0,0,0,0,VeryHigh,1
2026-02-24,650376,254905,48150,953431,2026,2,1,Tuesday,1,0,0,0,0,0,0,0,0,0,VeryHigh,1
2026-02-25,597114,260509,49931,907554,2026,2,2,Wednesday,1,0,0,0,0,0,0,0,0,0,High,1
2026-02-26,571604,242531,64163,878298,2026,2,3,Thursday,1,0,0,0,0,0,0,0,0,0,High,1
2026-02-27,632012,229500,67633,929145,2026,2,4,Friday,1,0,0,0,0,0,0,0,0,0,High,1
2026-02-28,732323,239410,72378,1044111,2026,2,5,Saturday,1,1,0,0,0,0,0,0,0,0,VeryHigh,1
2026-03-01,727189,243874,79180,1050243,2026,3,6,Sunday,1,1,0,0,0,0,0,0,0,0,VeryHigh,1
2026-03-02,562472,159028,64866,786366,2026,3,0,Monday,1,0,0,0,0,0,0,0,0,0,High,1
2026-03-03,511440,122804,60444,694688,2026,3,1,Tuesday,1,0,0,0,0,0,0,0,0,0,Medium,0
2026-03-04,534648,141092,63082,738822,2026,3,2,Wednesday,1,0,0,0,0,0,0,0,0,0,Medium,0
2026-03-05,568238,156694,63333,788265,2026,3,3,Thursday,1,0,0,0,0,0,0,0,0,0,High,1
2026-03-06,679941,182921,73837,936699,2026,3,4,Friday,1,0,0,0,0,0,0,0,0,0,High,1
2026-03-07,819903,264311,78924,1163138,2026,3,5,Saturday,1,1,0,0,0,0,0,0,0,0,VeryHigh,1
2026-03-08,820889,228370,84621,1133880,2026,3,6,Sunday,1,1,0,0,0,0,0,0,0,0,VeryHigh,1
